dataset_id,scientific_name,common_name,site_name,colony_name,lat_colony,lon_colony,device,bird_id,track_id,original_track_id,age,sex,breed_stage,breed_status,date_gmt,time_gmt,latitude,longitude,argos_quality,equinox
1657,"Fratercula arctica","Atlantic Puffin",Iceland,Storhofdi,63.4,-20.29,GPS,45,1657_45_102484,102484,adult,unknown,chick-rearing,breeding,2018-07-18,15:48:00,63.48147,-21.43203,NA,NA
1657,"Fratercula arctica","Atlantic Puffin",Iceland,Storhofdi,63.4,-20.29,GPS,45,1657_45_102484,102484,adult,unknown,chick-rearing,breeding,2018-07-18,15:43:00,63.49797,-21.39974,NA,NA
1657,"Fratercula arctica","Atlantic Puffin",Iceland,Storhofdi,63.4,-20.29,GPS,45,1657_45_102484,102484,adult,unknown,chick-rearing,breeding,2018-07-18,15:38:00,63.49948,-21.39703,NA,NA
1657,"Fratercula arctica","Atlantic Puffin",Iceland,Storhofdi,63.4,-20.29,GPS,45,1657_45_102484,102484,adult,unknown,chick-rearing,breeding,2018-07-18,15:33:00,63.50174,-21.39338,NA,NA
1657,"Fratercula arctica","Atlantic Puffin",Iceland,Storhofdi,63.4,-20.29,GPS,45,1657_45_102484,102484,adult,unknown,chick-rearing,breeding,2018-07-18,15:27:00,63.50369,-21.38800,NA,NA
1657,"Fratercula arctica","Atlantic Puffin",Iceland,Storhofdi,63.4,-20.29,GPS,45,1657_45_102484,102484,adult,unknown,chick-rearing,breeding,2018-07-18,15:22:00,63.50532,-21.38348,NA,NA
1657,"Fratercula arctica","Atlantic Puffin",Iceland,Storhofdi,63.4,-20.29,GPS,45,1657_45_102484,102484,adult,unknown,chick-rearing,breeding,2018-07-18,15:16:00,63.50724,-21.37822,NA,NA
1657,"Fratercula arctica","Atlantic Puffin",Iceland,Storhofdi,63.4,-20.29,GPS,45,1657_45_102484,102484,adult,unknown,chick-rearing,breeding,2018-07-18,15:11:00,63.50846,-21.37247,NA,NA
1657,"Fratercula arctica","Atlantic Puffin",Iceland,Storhofdi,63.4,-20.29,GPS,45,1657_45_102484,102484,adult,unknown,chick-rearing,breeding,2018-07-18,15:05:00,63.51017,-21.36743,NA,NA
1657,"Fratercula arctica","Atlantic Puffin",Iceland,Storhofdi,63.4,-20.29,GPS,45,1657_45_102484,102484,adult,unknown,chick-rearing,breeding,2018-07-18,15:00:00,63.51166,-21.36300,NA,NA
1657,"Fratercula arctica","Atlantic Puffin",Iceland,Storhofdi,63.4,-20.29,GPS,45,1657_45_102484,102484,adult,unknown,chick-rearing,breeding,2018-07-18,14:55:00,63.51316,-21.35857,NA,NA
1657,"Fratercula arctica","Atlantic Puffin",Iceland,Storhofdi,63.4,-20.29,GPS,45,1657_45_102484,102484,adult,unknown,chick-rearing,breeding,2018-07-18,14:50:00,63.51516,-21.35536,NA,NA
1657,"Fratercula arctica","Atlantic Puffin",Iceland,Storhofdi,63.4,-20.29,GPS,45,1657_45_102484,102484,adult,unknown,chick-rearing,breeding,2018-07-18,14:29:00,63.52073,-21.33805,NA,NA
1657,"Fratercula arctica","Atlantic Puffin",Iceland,Storhofdi,63.4,-20.29,GPS,45,1657_45_102484,102484,adult,unknown,chick-rearing,breeding,2018-07-18,14:24:00,63.52362,-21.33405,NA,NA
1657,"Fratercula arctica","Atlantic Puffin",Iceland,Storhofdi,63.4,-20.29,GPS,45,1657_45_102484,102484,adult,unknown,chick-rearing,breeding,2018-07-18,14:18:00,63.52461,-21.32825,NA,NA
1657,"Fratercula arctica","Atlantic Puffin",Iceland,Storhofdi,63.4,-20.29,GPS,45,1657_45_102484,102484,adult,unknown,chick-rearing,breeding,2018-07-18,14:13:00,63.52555,-21.32274,NA,NA
1657,"Fratercula arctica","Atlantic Puffin",Iceland,Storhofdi,63.4,-20.29,GPS,45,1657_45_102484,102484,adult,unknown,chick-rearing,breeding,2018-07-18,14:08:00,63.52648,-21.31723,NA,NA
1657,"Fratercula arctica","Atlantic Puffin",Iceland,Storhofdi,63.4,-20.29,GPS,45,1657_45_102484,102484,adult,unknown,chick-rearing,breeding,2018-07-18,14:03:00,63.52461,-21.28102,NA,NA
1657,"Fratercula arctica","Atlantic Puffin",Iceland,Storhofdi,63.4,-20.29,GPS,45,1657_45_102484,102484,adult,unknown,chick-rearing,breeding,2018-07-18,13:58:00,63.52282,-21.24663,NA,NA
1657,"Fratercula arctica","Atlantic Puffin",Iceland,Storhofdi,63.4,-20.29,GPS,45,1657_45_102484,102484,adult,unknown,chick-rearing,breeding,2018-07-18,13:53:00,63.52104,-21.21224,NA,NA
1657,"Fratercula arctica","Atlantic Puffin",Iceland,Storhofdi,63.4,-20.29,GPS,45,1657_45_102484,102484,adult,unknown,chick-rearing,breeding,2018-07-18,13:48:00,63.51885,-21.18032,NA,NA
1657,"Fratercula arctica","Atlantic Puffin",Iceland,Storhofdi,63.4,-20.29,GPS,45,1657_45_102484,102484,adult,unknown,chick-rearing,breeding,2018-07-18,13:43:00,63.51966,-21.17595,NA,NA
1657,"Fratercula arctica","Atlantic Puffin",Iceland,Storhofdi,63.4,-20.29,GPS,45,1657_45_102484,102484,adult,unknown,chick-rearing,breeding,2018-07-18,13:38:00,63.52111,-21.17129,NA,NA
1657,"Fratercula arctica","Atlantic Puffin",Iceland,Storhofdi,63.4,-20.29,GPS,45,1657_45_102484,102484,adult,unknown,chick-rearing,breeding,2018-07-18,13:32:00,63.52174,-21.16592,NA,NA
1657,"Fratercula arctica","Atlantic Puffin",Iceland,Storhofdi,63.4,-20.29,GPS,45,1657_45_102484,102484,adult,unknown,chick-rearing,breeding,2018-07-18,13:27:00,63.52274,-21.16294,NA,NA
1657,"Fratercula arctica","Atlantic Puffin",Iceland,Storhofdi,63.4,-20.29,GPS,45,1657_45_102484,102484,adult,unknown,chick-rearing,breeding,2018-07-18,13:22:00,63.52366,-21.16017,NA,NA
1657,"Fratercula arctica","Atlantic Puffin",Iceland,Storhofdi,63.4,-20.29,GPS,45,1657_45_102484,102484,adult,unknown,chick-rearing,breeding,2018-07-18,13:16:00,63.52451,-21.16049,NA,NA
1657,"Fratercula arctica","Atlantic Puffin",Iceland,Storhofdi,63.4,-20.29,GPS,45,1657_45_102484,102484,adult,unknown,chick-rearing,breeding,2018-07-18,13:11:00,63.52533,-21.16079,NA,NA
1657,"Fratercula arctica","Atlantic Puffin",Iceland,Storhofdi,63.4,-20.29,GPS,45,1657_45_102484,102484,adult,unknown,chick-rearing,breeding,2018-07-18,12:40:00,63.52752,-21.13466,NA,NA
1657,"Fratercula arctica","Atlantic Puffin",Iceland,Storhofdi,63.4,-20.29,GPS,45,1657_45_102484,102484,adult,unknown,chick-rearing,breeding,2018-07-18,12:08:00,63.53065,-21.12017,NA,NA
1657,"Fratercula arctica","Atlantic Puffin",Iceland,Storhofdi,63.4,-20.29,GPS,45,1657_45_102484,102484,adult,unknown,chick-rearing,breeding,2018-07-18,12:03:00,63.53064,-21.11785,NA,NA
1657,"Fratercula arctica","Atlantic Puffin",Iceland,Storhofdi,63.4,-20.29,GPS,45,1657_45_102484,102484,adult,unknown,chick-rearing,breeding,2018-07-18,11:58:00,63.53088,-21.11448,NA,NA
1657,"Fratercula arctica","Atlantic Puffin",Iceland,Storhofdi,63.4,-20.29,GPS,45,1657_45_102484,102484,adult,unknown,chick-rearing,breeding,2018-07-18,11:53:00,63.53113,-21.11108,NA,NA
1657,"Fratercula arctica","Atlantic Puffin",Iceland,Storhofdi,63.4,-20.29,GPS,45,1657_45_102484,102484,adult,unknown,chick-rearing,breeding,2018-07-18,11:48:00,63.53115,-21.10633,NA,NA
1657,"Fratercula arctica","Atlantic Puffin",Iceland,Storhofdi,63.4,-20.29,GPS,45,1657_45_102484,102484,adult,unknown,chick-rearing,breeding,2018-07-18,11:43:00,63.53265,-21.10275,NA,NA
1657,"Fratercula arctica","Atlantic Puffin",Iceland,Storhofdi,63.4,-20.29,GPS,45,1657_45_102484,102484,adult,unknown,chick-rearing,breeding,2018-07-18,11:37:00,63.53319,-21.09880,NA,NA
1657,"Fratercula arctica","Atlantic Puffin",Iceland,Storhofdi,63.4,-20.29,GPS,45,1657_45_102484,102484,adult,unknown,chick-rearing,breeding,2018-07-18,11:32:00,63.53369,-21.09513,NA,NA
1657,"Fratercula arctica","Atlantic Puffin",Iceland,Storhofdi,63.4,-20.29,GPS,45,1657_45_102484,102484,adult,unknown,chick-rearing,breeding,2018-07-18,11:27:00,63.53462,-21.09327,NA,NA
1657,"Fratercula arctica","Atlantic Puffin",Iceland,Storhofdi,63.4,-20.29,GPS,45,1657_45_102484,102484,adult,unknown,chick-rearing,breeding,2018-07-18,11:22:00,63.53548,-21.09154,NA,NA
1657,"Fratercula arctica","Atlantic Puffin",Iceland,Storhofdi,63.4,-20.29,GPS,45,1657_45_102484,102484,adult,unknown,chick-rearing,breeding,2018-07-18,11:16:00,63.53384,-21.08040,NA,NA
1657,"Fratercula arctica","Atlantic Puffin",Iceland,Storhofdi,63.4,-20.29,GPS,45,1657_45_102484,102484,adult,unknown,chick-rearing,breeding,2018-07-18,11:11:00,63.53362,-21.07624,NA,NA
1657,"Fratercula arctica","Atlantic Puffin",Iceland,Storhofdi,63.4,-20.29,GPS,45,1657_45_102484,102484,adult,unknown,chick-rearing,breeding,2018-07-18,11:06:00,63.53312,-21.07129,NA,NA
1657,"Fratercula arctica","Atlantic Puffin",Iceland,Storhofdi,63.4,-20.29,GPS,45,1657_45_102484,102484,adult,unknown,chick-rearing,breeding,2018-07-18,11:00:00,63.52473,-21.02331,NA,NA
1657,"Fratercula arctica","Atlantic Puffin",Iceland,Storhofdi,63.4,-20.29,GPS,45,1657_45_102484,102484,adult,unknown,chick-rearing,breeding,2018-07-18,10:55:00,63.52387,-20.93222,NA,NA
1657,"Fratercula arctica","Atlantic Puffin",Iceland,Storhofdi,63.4,-20.29,GPS,45,1657_45_102484,102484,adult,unknown,chick-rearing,breeding,2018-07-18,10:50:00,63.52391,-20.92698,NA,NA
1657,"Fratercula arctica","Atlantic Puffin",Iceland,Storhofdi,63.4,-20.29,GPS,45,1657_45_102484,102484,adult,unknown,chick-rearing,breeding,2018-07-18,10:45:00,63.52394,-20.92173,NA,NA
1657,"Fratercula arctica","Atlantic Puffin",Iceland,Storhofdi,63.4,-20.29,GPS,45,1657_45_102484,102484,adult,unknown,chick-rearing,breeding,2018-07-18,10:40:00,63.52398,-20.91647,NA,NA
1657,"Fratercula arctica","Atlantic Puffin",Iceland,Storhofdi,63.4,-20.29,GPS,45,1657_45_102484,102484,adult,unknown,chick-rearing,breeding,2018-07-18,10:35:00,63.52384,-20.91176,NA,NA
1657,"Fratercula arctica","Atlantic Puffin",Iceland,Storhofdi,63.4,-20.29,GPS,45,1657_45_102484,102484,adult,unknown,chick-rearing,breeding,2018-07-18,10:30:00,63.52372,-20.90779,NA,NA
1657,"Fratercula arctica","Atlantic Puffin",Iceland,Storhofdi,63.4,-20.29,GPS,45,1657_45_102484,102484,adult,unknown,chick-rearing,breeding,2018-07-18,10:24:00,63.52358,-20.90262,NA,NA
1657,"Fratercula arctica","Atlantic Puffin",Iceland,Storhofdi,63.4,-20.29,GPS,45,1657_45_102484,102484,adult,unknown,chick-rearing,breeding,2018-07-18,10:18:00,63.52310,-20.89635,NA,NA
1657,"Fratercula arctica","Atlantic Puffin",Iceland,Storhofdi,63.4,-20.29,GPS,45,1657_45_102484,102484,adult,unknown,chick-rearing,breeding,2018-07-18,10:13:00,63.51551,-20.79908,NA,NA
1657,"Fratercula arctica","Atlantic Puffin",Iceland,Storhofdi,63.4,-20.29,GPS,45,1657_45_102484,102484,adult,unknown,chick-rearing,breeding,2018-07-18,10:08:00,63.50105,-20.70239,NA,NA
1657,"Fratercula arctica","Atlantic Puffin",Iceland,Storhofdi,63.4,-20.29,GPS,45,1657_45_102484,102484,adult,unknown,chick-rearing,breeding,2018-07-18,10:03:00,63.49865,-20.69157,NA,NA
1657,"Fratercula arctica","Atlantic Puffin",Iceland,Storhofdi,63.4,-20.29,GPS,45,1657_45_102484,102484,adult,unknown,chick-rearing,breeding,2018-07-18,09:58:00,63.48041,-20.61354,NA,NA
1657,"Fratercula arctica","Atlantic Puffin",Iceland,Storhofdi,63.4,-20.29,GPS,45,1657_45_102484,102484,adult,unknown,chick-rearing,breeding,2018-07-18,09:53:00,63.45451,-20.52314,NA,NA
1657,"Fratercula arctica","Atlantic Puffin",Iceland,Storhofdi,63.4,-20.29,GPS,45,1657_45_102484,102484,adult,unknown,chick-rearing,breeding,2018-07-18,09:48:00,63.42937,-20.42907,NA,NA
1657,"Fratercula arctica","Atlantic Puffin",Iceland,Storhofdi,63.4,-20.29,GPS,45,1657_45_102484,102484,adult,unknown,chick-rearing,breeding,2018-07-18,09:43:00,63.40994,-20.33320,NA,NA
1657,"Fratercula arctica","Atlantic Puffin",Iceland,Storhofdi,63.4,-20.29,GPS,500,1657_500_102485,102485,adult,unknown,chick-rearing,breeding,2018-07-22,11:36:00,63.40383,-20.28717,NA,NA
1657,"Fratercula arctica","Atlantic Puffin",Iceland,Storhofdi,63.4,-20.29,GPS,500,1657_500_102485,102485,adult,unknown,chick-rearing,breeding,2018-07-22,11:11:00,63.40348,-20.28730,NA,NA
1657,"Fratercula arctica","Atlantic Puffin",Iceland,Storhofdi,63.4,-20.29,GPS,500,1657_500_102485,102485,adult,unknown,chick-rearing,breeding,2018-07-22,11:06:00,63.40347,-20.28732,NA,NA
1657,"Fratercula arctica","Atlantic Puffin",Iceland,Storhofdi,63.4,-20.29,GPS,500,1657_500_102485,102485,adult,unknown,chick-rearing,breeding,2018-07-22,11:01:00,63.40302,-20.28726,NA,NA
1657,"Fratercula arctica","Atlantic Puffin",Iceland,Storhofdi,63.4,-20.29,GPS,500,1657_500_102485,102485,adult,unknown,chick-rearing,breeding,2018-07-22,10:56:00,63.40310,-20.28702,NA,NA
1657,"Fratercula arctica","Atlantic Puffin",Iceland,Storhofdi,63.4,-20.29,GPS,500,1657_500_102485,102485,adult,unknown,chick-rearing,breeding,2018-07-22,10:51:00,63.40317,-20.28792,NA,NA
1657,"Fratercula arctica","Atlantic Puffin",Iceland,Storhofdi,63.4,-20.29,GPS,500,1657_500_102485,102485,adult,unknown,chick-rearing,breeding,2018-07-22,10:46:00,63.40322,-20.28794,NA,NA
1657,"Fratercula arctica","Atlantic Puffin",Iceland,Storhofdi,63.4,-20.29,GPS,500,1657_500_102485,102485,adult,unknown,chick-rearing,breeding,2018-07-22,10:41:00,63.40317,-20.28769,NA,NA
1657,"Fratercula arctica","Atlantic Puffin",Iceland,Storhofdi,63.4,-20.29,GPS,500,1657_500_102485,102485,adult,unknown,chick-rearing,breeding,2018-07-22,10:37:00,63.39232,-20.29673,NA,NA
1657,"Fratercula arctica","Atlantic Puffin",Iceland,Storhofdi,63.4,-20.29,GPS,500,1657_500_102485,102485,adult,unknown,chick-rearing,breeding,2018-07-22,10:32:00,63.40060,-20.28730,NA,NA
1657,"Fratercula arctica","Atlantic Puffin",Iceland,Storhofdi,63.4,-20.29,GPS,500,1657_500_102485,102485,adult,unknown,chick-rearing,breeding,2018-07-22,10:27:00,63.40280,-20.28731,NA,NA
1657,"Fratercula arctica","Atlantic Puffin",Iceland,Storhofdi,63.4,-20.29,GPS,500,1657_500_102485,102485,adult,unknown,chick-rearing,breeding,2018-07-22,10:22:00,63.40337,-20.28757,NA,NA
1657,"Fratercula arctica","Atlantic Puffin",Iceland,Storhofdi,63.4,-20.29,GPS,500,1657_500_102485,102485,adult,unknown,chick-rearing,breeding,2018-07-22,10:17:00,63.40323,-20.28773,NA,NA
1657,"Fratercula arctica","Atlantic Puffin",Iceland,Storhofdi,63.4,-20.29,GPS,500,1657_500_102485,102485,adult,unknown,chick-rearing,breeding,2018-07-22,10:12:00,63.40309,-20.28790,NA,NA
1657,"Fratercula arctica","Atlantic Puffin",Iceland,Storhofdi,63.4,-20.29,GPS,500,1657_500_102485,102485,adult,unknown,chick-rearing,breeding,2018-07-22,10:07:00,63.40323,-20.28793,NA,NA
1657,"Fratercula arctica","Atlantic Puffin",Iceland,Storhofdi,63.4,-20.29,GPS,500,1657_500_102485,102485,adult,unknown,chick-rearing,breeding,2018-07-22,10:02:00,63.40333,-20.28754,NA,NA
1657,"Fratercula arctica","Atlantic Puffin",Iceland,Storhofdi,63.4,-20.29,GPS,500,1657_500_102485,102485,adult,unknown,chick-rearing,breeding,2018-07-22,09:57:00,63.40343,-20.28716,NA,NA
1657,"Fratercula arctica","Atlantic Puffin",Iceland,Storhofdi,63.4,-20.29,GPS,500,1657_500_102485,102485,adult,unknown,chick-rearing,breeding,2018-07-22,09:52:00,63.40294,-20.28338,NA,NA
1657,"Fratercula arctica","Atlantic Puffin",Iceland,Storhofdi,63.4,-20.29,GPS,500,1657_500_102485,102485,adult,unknown,chick-rearing,breeding,2018-07-22,09:47:00,63.40363,-20.28713,NA,NA
1657,"Fratercula arctica","Atlantic Puffin",Iceland,Storhofdi,63.4,-20.29,GPS,45,1657_45_102484,102484,adult,unknown,chick-rearing,breeding,2018-07-20,10:58:00,63.40528,-20.29008,NA,NA
1657,"Fratercula arctica","Atlantic Puffin",Iceland,Storhofdi,63.4,-20.29,GPS,45,1657_45_102484,102484,adult,unknown,chick-rearing,breeding,2018-07-20,10:53:00,63.40499,-20.28995,NA,NA
1657,"Fratercula arctica","Atlantic Puffin",Iceland,Storhofdi,63.4,-20.29,GPS,45,1657_45_102484,102484,adult,unknown,chick-rearing,breeding,2018-07-20,10:48:00,63.40464,-20.29000,NA,NA
1657,"Fratercula arctica","Atlantic Puffin",Iceland,Storhofdi,63.4,-20.29,GPS,45,1657_45_102484,102484,adult,unknown,chick-rearing,breeding,2018-07-20,10:43:00,63.40467,-20.28967,NA,NA
1657,"Fratercula arctica","Atlantic Puffin",Iceland,Storhofdi,63.4,-20.29,GPS,45,1657_45_102484,102484,adult,unknown,chick-rearing,breeding,2018-07-20,10:38:00,63.40505,-20.28916,NA,NA
1657,"Fratercula arctica","Atlantic Puffin",Iceland,Storhofdi,63.4,-20.29,GPS,45,1657_45_102484,102484,adult,unknown,chick-rearing,breeding,2018-07-20,10:33:00,63.40470,-20.29088,NA,NA
1657,"Fratercula arctica","Atlantic Puffin",Iceland,Storhofdi,63.4,-20.29,GPS,45,1657_45_102484,102484,adult,unknown,chick-rearing,breeding,2018-07-20,10:27:00,63.40536,-20.29068,NA,NA
1657,"Fratercula arctica","Atlantic Puffin",Iceland,Storhofdi,63.4,-20.29,GPS,45,1657_45_102484,102484,adult,unknown,chick-rearing,breeding,2018-07-20,10:23:00,63.40539,-20.29127,NA,NA
1657,"Fratercula arctica","Atlantic Puffin",Iceland,Storhofdi,63.4,-20.29,GPS,45,1657_45_102484,102484,adult,unknown,chick-rearing,breeding,2018-07-20,10:16:00,63.40551,-20.29114,NA,NA
1657,"Fratercula arctica","Atlantic Puffin",Iceland,Storhofdi,63.4,-20.29,GPS,45,1657_45_102484,102484,adult,unknown,chick-rearing,breeding,2018-07-20,09:26:00,63.40328,-20.28800,NA,NA
1657,"Fratercula arctica","Atlantic Puffin",Iceland,Storhofdi,63.4,-20.29,GPS,45,1657_45_102484,102484,adult,unknown,chick-rearing,breeding,2018-07-20,09:21:00,63.39777,-20.29419,NA,NA
1657,"Fratercula arctica","Atlantic Puffin",Iceland,Storhofdi,63.4,-20.29,GPS,45,1657_45_102484,102484,adult,unknown,chick-rearing,breeding,2018-07-20,09:16:00,63.40511,-20.29083,NA,NA
1657,"Fratercula arctica","Atlantic Puffin",Iceland,Storhofdi,63.4,-20.29,GPS,45,1657_45_102484,102484,adult,unknown,chick-rearing,breeding,2018-07-20,09:11:00,63.40468,-20.29007,NA,NA
1657,"Fratercula arctica","Atlantic Puffin",Iceland,Storhofdi,63.4,-20.29,GPS,45,1657_45_102484,102484,adult,unknown,chick-rearing,breeding,2018-07-20,09:06:00,63.40524,-20.29120,NA,NA
1657,"Fratercula arctica","Atlantic Puffin",Iceland,Storhofdi,63.4,-20.29,GPS,45,1657_45_102484,102484,adult,unknown,chick-rearing,breeding,2018-07-20,09:01:00,63.40551,-20.29160,NA,NA
1657,"Fratercula arctica","Atlantic Puffin",Iceland,Storhofdi,63.4,-20.29,GPS,45,1657_45_102484,102484,adult,unknown,chick-rearing,breeding,2018-07-20,08:36:00,63.40313,-20.28789,NA,NA
1657,"Fratercula arctica","Atlantic Puffin",Iceland,Storhofdi,63.4,-20.29,GPS,45,1657_45_102484,102484,adult,unknown,chick-rearing,breeding,2018-07-20,08:28:00,63.39907,-20.29581,NA,NA
1657,"Fratercula arctica","Atlantic Puffin",Iceland,Storhofdi,63.4,-20.29,GPS,45,1657_45_102484,102484,adult,unknown,chick-rearing,breeding,2018-07-20,06:38:00,63.40404,-20.28969,NA,NA
1657,"Fratercula arctica","Atlantic Puffin",Iceland,Storhofdi,63.4,-20.29,GPS,45,1657_45_102484,102484,adult,unknown,chick-rearing,breeding,2018-07-20,06:33:00,63.39791,-20.29483,NA,NA
1657,"Fratercula arctica","Atlantic Puffin",Iceland,Storhofdi,63.4,-20.29,GPS,500,1657_500_102485,102485,adult,unknown,chick-rearing,breeding,2018-07-22,11:31:00,63.40372,-20.28719,NA,NA
1657,"Fratercula arctica","Atlantic Puffin",Iceland,Storhofdi,63.4,-20.29,GPS,500,1657_500_102485,102485,adult,unknown,chick-rearing,breeding,2018-07-22,11:26:00,63.40361,-20.28722,NA,NA
1657,"Fratercula arctica","Atlantic Puffin",Iceland,Storhofdi,63.4,-20.29,GPS,500,1657_500_102485,102485,adult,unknown,chick-rearing,breeding,2018-07-22,11:21:00,63.40350,-20.28725,NA,NA
1657,"Fratercula arctica","Atlantic Puffin",Iceland,Storhofdi,63.4,-20.29,GPS,500,1657_500_102485,102485,adult,unknown,chick-rearing,breeding,2018-07-22,11:16:00,63.40349,-20.28728,NA,NA
1657,"Fratercula arctica","Atlantic Puffin",Iceland,Storhofdi,63.4,-20.29,GPS,45,1657_45_102484,102484,adult,unknown,chick-rearing,breeding,2018-07-19,09:04:00,63.40263,-20.28680,NA,NA
1657,"Fratercula arctica","Atlantic Puffin",Iceland,Storhofdi,63.4,-20.29,GPS,45,1657_45_102484,102484,adult,unknown,chick-rearing,breeding,2018-07-19,08:59:00,63.40782,-20.29417,NA,NA
1657,"Fratercula arctica","Atlantic Puffin",Iceland,Storhofdi,63.4,-20.29,GPS,45,1657_45_102484,102484,adult,unknown,chick-rearing,breeding,2018-07-19,08:54:00,63.40494,-20.29139,NA,NA
1657,"Fratercula arctica","Atlantic Puffin",Iceland,Storhofdi,63.4,-20.29,GPS,45,1657_45_102484,102484,adult,unknown,chick-rearing,breeding,2018-07-19,08:48:00,63.40435,-20.28889,NA,NA
1657,"Fratercula arctica","Atlantic Puffin",Iceland,Storhofdi,63.4,-20.29,GPS,45,1657_45_102484,102484,adult,unknown,chick-rearing,breeding,2018-07-19,08:44:00,63.40430,-20.28887,NA,NA
1657,"Fratercula arctica","Atlantic Puffin",Iceland,Storhofdi,63.4,-20.29,GPS,45,1657_45_102484,102484,adult,unknown,chick-rearing,breeding,2018-07-19,08:39:00,63.40423,-20.28884,NA,NA
1657,"Fratercula arctica","Atlantic Puffin",Iceland,Storhofdi,63.4,-20.29,GPS,45,1657_45_102484,102484,adult,unknown,chick-rearing,breeding,2018-07-19,08:34:00,63.40416,-20.28882,NA,NA
1657,"Fratercula arctica","Atlantic Puffin",Iceland,Storhofdi,63.4,-20.29,GPS,45,1657_45_102484,102484,adult,unknown,chick-rearing,breeding,2018-07-19,08:29:00,63.40493,-20.28971,NA,NA
1657,"Fratercula arctica","Atlantic Puffin",Iceland,Storhofdi,63.4,-20.29,GPS,45,1657_45_102484,102484,adult,unknown,chick-rearing,breeding,2018-07-19,08:24:00,63.40461,-20.28943,NA,NA
1657,"Fratercula arctica","Atlantic Puffin",Iceland,Storhofdi,63.4,-20.29,GPS,45,1657_45_102484,102484,adult,unknown,chick-rearing,breeding,2018-07-19,08:19:00,63.40467,-20.28869,NA,NA
1657,"Fratercula arctica","Atlantic Puffin",Iceland,Storhofdi,63.4,-20.29,GPS,45,1657_45_102484,102484,adult,unknown,chick-rearing,breeding,2018-07-19,08:14:00,63.40432,-20.28875,NA,NA
1657,"Fratercula arctica","Atlantic Puffin",Iceland,Storhofdi,63.4,-20.29,GPS,45,1657_45_102484,102484,adult,unknown,chick-rearing,breeding,2018-07-19,08:09:00,63.40464,-20.28985,NA,NA
1657,"Fratercula arctica","Atlantic Puffin",Iceland,Storhofdi,63.4,-20.29,GPS,45,1657_45_102484,102484,adult,unknown,chick-rearing,breeding,2018-07-19,08:04:00,63.40475,-20.29050,NA,NA
1657,"Fratercula arctica","Atlantic Puffin",Iceland,Storhofdi,63.4,-20.29,GPS,45,1657_45_102484,102484,adult,unknown,chick-rearing,breeding,2018-07-19,07:59:00,63.40495,-20.29114,NA,NA
1657,"Fratercula arctica","Atlantic Puffin",Iceland,Storhofdi,63.4,-20.29,GPS,45,1657_45_102484,102484,adult,unknown,chick-rearing,breeding,2018-07-19,07:54:00,63.40303,-20.28775,NA,NA
1657,"Fratercula arctica","Atlantic Puffin",Iceland,Storhofdi,63.4,-20.29,GPS,45,1657_45_102484,102484,adult,unknown,chick-rearing,breeding,2018-07-19,07:49:00,63.40510,-20.29281,NA,NA
1657,"Fratercula arctica","Atlantic Puffin",Iceland,Storhofdi,63.4,-20.29,GPS,45,1657_45_102484,102484,adult,unknown,chick-rearing,breeding,2018-07-19,07:19:00,63.40398,-20.28869,NA,NA
1657,"Fratercula arctica","Atlantic Puffin",Iceland,Storhofdi,63.4,-20.29,GPS,45,1657_45_102484,102484,adult,unknown,chick-rearing,breeding,2018-07-19,07:14:00,63.40306,-20.28750,NA,NA
1657,"Fratercula arctica","Atlantic Puffin",Iceland,Storhofdi,63.4,-20.29,GPS,45,1657_45_102484,102484,adult,unknown,chick-rearing,breeding,2018-07-19,07:09:00,63.40613,-20.29004,NA,NA
1657,"Fratercula arctica","Atlantic Puffin",Iceland,Storhofdi,63.4,-20.29,GPS,45,1657_45_102484,102484,adult,unknown,chick-rearing,breeding,2018-07-19,07:04:00,63.40528,-20.29056,NA,NA
1657,"Fratercula arctica","Atlantic Puffin",Iceland,Storhofdi,63.4,-20.29,GPS,45,1657_45_102484,102484,adult,unknown,chick-rearing,breeding,2018-07-19,06:59:00,63.40531,-20.29116,NA,NA
1657,"Fratercula arctica","Atlantic Puffin",Iceland,Storhofdi,63.4,-20.29,GPS,45,1657_45_102484,102484,adult,unknown,chick-rearing,breeding,2018-07-19,06:54:00,63.40519,-20.28924,NA,NA
1657,"Fratercula arctica","Atlantic Puffin",Iceland,Storhofdi,63.4,-20.29,GPS,45,1657_45_102484,102484,adult,unknown,chick-rearing,breeding,2018-07-19,06:49:00,63.40478,-20.28937,NA,NA
1657,"Fratercula arctica","Atlantic Puffin",Iceland,Storhofdi,63.4,-20.29,GPS,45,1657_45_102484,102484,adult,unknown,chick-rearing,breeding,2018-07-19,06:44:00,63.40498,-20.28908,NA,NA
1657,"Fratercula arctica","Atlantic Puffin",Iceland,Storhofdi,63.4,-20.29,GPS,45,1657_45_102484,102484,adult,unknown,chick-rearing,breeding,2018-07-19,06:39:00,63.40488,-20.28900,NA,NA
1657,"Fratercula arctica","Atlantic Puffin",Iceland,Storhofdi,63.4,-20.29,GPS,45,1657_45_102484,102484,adult,unknown,chick-rearing,breeding,2018-07-19,06:34:00,63.40493,-20.28919,NA,NA
1657,"Fratercula arctica","Atlantic Puffin",Iceland,Storhofdi,63.4,-20.29,GPS,45,1657_45_102484,102484,adult,unknown,chick-rearing,breeding,2018-07-19,06:29:00,63.40514,-20.28931,NA,NA
1657,"Fratercula arctica","Atlantic Puffin",Iceland,Storhofdi,63.4,-20.29,GPS,45,1657_45_102484,102484,adult,unknown,chick-rearing,breeding,2018-07-19,06:24:00,63.40513,-20.28933,NA,NA
1657,"Fratercula arctica","Atlantic Puffin",Iceland,Storhofdi,63.4,-20.29,GPS,45,1657_45_102484,102484,adult,unknown,chick-rearing,breeding,2018-07-19,06:19:00,63.40508,-20.28926,NA,NA
1657,"Fratercula arctica","Atlantic Puffin",Iceland,Storhofdi,63.4,-20.29,GPS,45,1657_45_102484,102484,adult,unknown,chick-rearing,breeding,2018-07-19,06:14:00,63.40536,-20.28912,NA,NA
1657,"Fratercula arctica","Atlantic Puffin",Iceland,Storhofdi,63.4,-20.29,GPS,45,1657_45_102484,102484,adult,unknown,chick-rearing,breeding,2018-07-19,06:09:00,63.40549,-20.28872,NA,NA
1657,"Fratercula arctica","Atlantic Puffin",Iceland,Storhofdi,63.4,-20.29,GPS,45,1657_45_102484,102484,adult,unknown,chick-rearing,breeding,2018-07-19,06:04:00,63.40542,-20.28881,NA,NA
1657,"Fratercula arctica","Atlantic Puffin",Iceland,Storhofdi,63.4,-20.29,GPS,45,1657_45_102484,102484,adult,unknown,chick-rearing,breeding,2018-07-19,05:59:00,63.40541,-20.28904,NA,NA
1657,"Fratercula arctica","Atlantic Puffin",Iceland,Storhofdi,63.4,-20.29,GPS,45,1657_45_102484,102484,adult,unknown,chick-rearing,breeding,2018-07-19,05:54:00,63.40324,-20.28770,NA,NA
1657,"Fratercula arctica","Atlantic Puffin",Iceland,Storhofdi,63.4,-20.29,GPS,45,1657_45_102484,102484,adult,unknown,chick-rearing,breeding,2018-07-19,05:49:00,63.40558,-20.29093,NA,NA
1657,"Fratercula arctica","Atlantic Puffin",Iceland,Storhofdi,63.4,-20.29,GPS,45,1657_45_102484,102484,adult,unknown,chick-rearing,breeding,2018-07-19,05:29:00,63.40394,-20.28765,NA,NA
1657,"Fratercula arctica","Atlantic Puffin",Iceland,Storhofdi,63.4,-20.29,GPS,45,1657_45_102484,102484,adult,unknown,chick-rearing,breeding,2018-07-19,05:24:00,63.40330,-20.28911,NA,NA
1657,"Fratercula arctica","Atlantic Puffin",Iceland,Storhofdi,63.4,-20.29,GPS,45,1657_45_102484,102484,adult,unknown,chick-rearing,breeding,2018-07-19,05:19:00,63.40653,-20.28958,NA,NA
1657,"Fratercula arctica","Atlantic Puffin",Iceland,Storhofdi,63.4,-20.29,GPS,45,1657_45_102484,102484,adult,unknown,chick-rearing,breeding,2018-07-19,05:04:00,63.40535,-20.28837,NA,NA
1657,"Fratercula arctica","Atlantic Puffin",Iceland,Storhofdi,63.4,-20.29,GPS,45,1657_45_102484,102484,adult,unknown,chick-rearing,breeding,2018-07-19,04:59:00,63.40529,-20.28831,NA,NA
1657,"Fratercula arctica","Atlantic Puffin",Iceland,Storhofdi,63.4,-20.29,GPS,45,1657_45_102484,102484,adult,unknown,chick-rearing,breeding,2018-07-19,04:54:00,63.40513,-20.28899,NA,NA
1657,"Fratercula arctica","Atlantic Puffin",Iceland,Storhofdi,63.4,-20.29,GPS,45,1657_45_102484,102484,adult,unknown,chick-rearing,breeding,2018-07-19,04:49:00,63.40318,-20.28802,NA,NA
1657,"Fratercula arctica","Atlantic Puffin",Iceland,Storhofdi,63.4,-20.29,GPS,45,1657_45_102484,102484,adult,unknown,chick-rearing,breeding,2018-07-19,04:44:00,63.40320,-20.28774,NA,NA
1657,"Fratercula arctica","Atlantic Puffin",Iceland,Storhofdi,63.4,-20.29,GPS,45,1657_45_102484,102484,adult,unknown,chick-rearing,breeding,2018-07-19,04:39:00,63.40357,-20.28992,NA,NA
1657,"Fratercula arctica","Atlantic Puffin",Iceland,Storhofdi,63.4,-20.29,GPS,45,1657_45_102484,102484,adult,unknown,chick-rearing,breeding,2018-07-19,04:34:00,63.38921,-20.29147,NA,NA
1657,"Fratercula arctica","Atlantic Puffin",Iceland,Storhofdi,63.4,-20.29,GPS,45,1657_45_102484,102484,adult,unknown,chick-rearing,breeding,2018-07-18,23:21:00,63.40524,-20.29157,NA,NA
1657,"Fratercula arctica","Atlantic Puffin",Iceland,Storhofdi,63.4,-20.29,GPS,45,1657_45_102484,102484,adult,unknown,chick-rearing,breeding,2018-07-18,23:16:00,63.40503,-20.29094,NA,NA
1657,"Fratercula arctica","Atlantic Puffin",Iceland,Storhofdi,63.4,-20.29,GPS,45,1657_45_102484,102484,adult,unknown,chick-rearing,breeding,2018-07-18,23:11:00,63.40493,-20.28992,NA,NA
1657,"Fratercula arctica","Atlantic Puffin",Iceland,Storhofdi,63.4,-20.29,GPS,45,1657_45_102484,102484,adult,unknown,chick-rearing,breeding,2018-07-18,23:06:00,63.40196,-20.30113,NA,NA
1657,"Fratercula arctica","Atlantic Puffin",Iceland,Storhofdi,63.4,-20.29,GPS,45,1657_45_102484,102484,adult,unknown,chick-rearing,breeding,2018-07-18,23:01:00,63.40510,-20.29067,NA,NA
1657,"Fratercula arctica","Atlantic Puffin",Iceland,Storhofdi,63.4,-20.29,GPS,45,1657_45_102484,102484,adult,unknown,chick-rearing,breeding,2018-07-18,22:56:00,63.40319,-20.28961,NA,NA
1657,"Fratercula arctica","Atlantic Puffin",Iceland,Storhofdi,63.4,-20.29,GPS,45,1657_45_102484,102484,adult,unknown,chick-rearing,breeding,2018-07-18,22:51:00,63.40449,-20.28973,NA,NA
1657,"Fratercula arctica","Atlantic Puffin",Iceland,Storhofdi,63.4,-20.29,GPS,45,1657_45_102484,102484,adult,unknown,chick-rearing,breeding,2018-07-18,22:46:00,63.40323,-20.29128,NA,NA
1657,"Fratercula arctica","Atlantic Puffin",Iceland,Storhofdi,63.4,-20.29,GPS,45,1657_45_102484,102484,adult,unknown,chick-rearing,breeding,2018-07-18,22:41:00,63.40476,-20.29055,NA,NA
1657,"Fratercula arctica","Atlantic Puffin",Iceland,Storhofdi,63.4,-20.29,GPS,45,1657_45_102484,102484,adult,unknown,chick-rearing,breeding,2018-07-18,22:36:00,63.40482,-20.28988,NA,NA
1657,"Fratercula arctica","Atlantic Puffin",Iceland,Storhofdi,63.4,-20.29,GPS,45,1657_45_102484,102484,adult,unknown,chick-rearing,breeding,2018-07-18,22:31:00,63.40318,-20.29274,NA,NA
1657,"Fratercula arctica","Atlantic Puffin",Iceland,Storhofdi,63.4,-20.29,GPS,45,1657_45_102484,102484,adult,unknown,chick-rearing,breeding,2018-07-18,22:26:00,63.40501,-20.29044,NA,NA
1657,"Fratercula arctica","Atlantic Puffin",Iceland,Storhofdi,63.4,-20.29,GPS,45,1657_45_102484,102484,adult,unknown,chick-rearing,breeding,2018-07-18,22:21:00,63.40349,-20.29086,NA,NA
1657,"Fratercula arctica","Atlantic Puffin",Iceland,Storhofdi,63.4,-20.29,GPS,45,1657_45_102484,102484,adult,unknown,chick-rearing,breeding,2018-07-18,22:16:00,63.40549,-20.29245,NA,NA
1657,"Fratercula arctica","Atlantic Puffin",Iceland,Storhofdi,63.4,-20.29,GPS,45,1657_45_102484,102484,adult,unknown,chick-rearing,breeding,2018-07-18,22:11:00,63.40483,-20.29173,NA,NA
1657,"Fratercula arctica","Atlantic Puffin",Iceland,Storhofdi,63.4,-20.29,GPS,45,1657_45_102484,102484,adult,unknown,chick-rearing,breeding,2018-07-18,22:06:00,63.40497,-20.29071,NA,NA
1657,"Fratercula arctica","Atlantic Puffin",Iceland,Storhofdi,63.4,-20.29,GPS,45,1657_45_102484,102484,adult,unknown,chick-rearing,breeding,2018-07-18,22:01:00,63.40377,-20.29020,NA,NA
1657,"Fratercula arctica","Atlantic Puffin",Iceland,Storhofdi,63.4,-20.29,GPS,45,1657_45_102484,102484,adult,unknown,chick-rearing,breeding,2018-07-18,21:56:00,63.40551,-20.29346,NA,NA
1657,"Fratercula arctica","Atlantic Puffin",Iceland,Storhofdi,63.4,-20.29,GPS,45,1657_45_102484,102484,adult,unknown,chick-rearing,breeding,2018-07-18,21:46:00,63.40503,-20.29162,NA,NA
1657,"Fratercula arctica","Atlantic Puffin",Iceland,Storhofdi,63.4,-20.29,GPS,45,1657_45_102484,102484,adult,unknown,chick-rearing,breeding,2018-07-18,21:41:00,63.40232,-20.29507,NA,NA
1657,"Fratercula arctica","Atlantic Puffin",Iceland,Storhofdi,63.4,-20.29,GPS,45,1657_45_102484,102484,adult,unknown,chick-rearing,breeding,2018-07-18,21:31:00,63.40416,-20.28882,NA,NA
1657,"Fratercula arctica","Atlantic Puffin",Iceland,Storhofdi,63.4,-20.29,GPS,45,1657_45_102484,102484,adult,unknown,chick-rearing,breeding,2018-07-18,21:26:00,63.40369,-20.29086,NA,NA
1657,"Fratercula arctica","Atlantic Puffin",Iceland,Storhofdi,63.4,-20.29,GPS,45,1657_45_102484,102484,adult,unknown,chick-rearing,breeding,2018-07-18,21:21:00,63.40219,-20.29842,NA,NA
1657,"Fratercula arctica","Atlantic Puffin",Iceland,Storhofdi,63.4,-20.29,GPS,45,1657_45_102484,102484,adult,unknown,chick-rearing,breeding,2018-07-18,20:51:00,63.40436,-20.29361,NA,NA
1657,"Fratercula arctica","Atlantic Puffin",Iceland,Storhofdi,63.4,-20.29,GPS,45,1657_45_102484,102484,adult,unknown,chick-rearing,breeding,2018-07-18,20:46:00,63.40189,-20.29527,NA,NA
1657,"Fratercula arctica","Atlantic Puffin",Iceland,Storhofdi,63.4,-20.29,GPS,45,1657_45_102484,102484,adult,unknown,chick-rearing,breeding,2018-07-18,19:56:00,63.40522,-20.29042,NA,NA
1657,"Fratercula arctica","Atlantic Puffin",Iceland,Storhofdi,63.4,-20.29,GPS,45,1657_45_102484,102484,adult,unknown,chick-rearing,breeding,2018-07-18,19:51:00,63.40499,-20.29760,NA,NA
1657,"Fratercula arctica","Atlantic Puffin",Iceland,Storhofdi,63.4,-20.29,GPS,45,1657_45_102484,102484,adult,unknown,chick-rearing,breeding,2018-07-18,19:21:00,63.40346,-20.29080,NA,NA
1657,"Fratercula arctica","Atlantic Puffin",Iceland,Storhofdi,63.4,-20.29,GPS,45,1657_45_102484,102484,adult,unknown,chick-rearing,breeding,2018-07-18,19:16:00,63.40346,-20.29651,NA,NA
1657,"Fratercula arctica","Atlantic Puffin",Iceland,Storhofdi,63.4,-20.29,GPS,45,1657_45_102484,102484,adult,unknown,chick-rearing,breeding,2018-07-18,19:06:00,63.40506,-20.29100,NA,NA
1657,"Fratercula arctica","Atlantic Puffin",Iceland,Storhofdi,63.4,-20.29,GPS,45,1657_45_102484,102484,adult,unknown,chick-rearing,breeding,2018-07-18,19:01:00,63.40492,-20.29000,NA,NA
1657,"Fratercula arctica","Atlantic Puffin",Iceland,Storhofdi,63.4,-20.29,GPS,45,1657_45_102484,102484,adult,unknown,chick-rearing,breeding,2018-07-18,18:56:00,63.40564,-20.29827,NA,NA
1657,"Fratercula arctica","Atlantic Puffin",Iceland,Storhofdi,63.4,-20.29,GPS,45,1657_45_102484,102484,adult,unknown,chick-rearing,breeding,2018-07-18,18:31:00,63.40529,-20.29170,NA,NA
1657,"Fratercula arctica","Atlantic Puffin",Iceland,Storhofdi,63.4,-20.29,GPS,45,1657_45_102484,102484,adult,unknown,chick-rearing,breeding,2018-07-18,18:26:00,63.40514,-20.29069,NA,NA
1657,"Fratercula arctica","Atlantic Puffin",Iceland,Storhofdi,63.4,-20.29,GPS,45,1657_45_102484,102484,adult,unknown,chick-rearing,breeding,2018-07-18,18:21:00,63.40836,-20.33808,NA,NA
1657,"Fratercula arctica","Atlantic Puffin",Iceland,Storhofdi,63.4,-20.29,GPS,45,1657_45_102484,102484,adult,unknown,chick-rearing,breeding,2018-07-18,09:28:00,63.40446,-20.28895,NA,NA
1657,"Fratercula arctica","Atlantic Puffin",Iceland,Storhofdi,63.4,-20.29,GPS,45,1657_45_102484,102484,adult,unknown,chick-rearing,breeding,2018-07-20,10:11:00,63.40556,-20.29122,NA,NA
1657,"Fratercula arctica","Atlantic Puffin",Iceland,Storhofdi,63.4,-20.29,GPS,45,1657_45_102484,102484,adult,unknown,chick-rearing,breeding,2018-07-20,10:06:00,63.40295,-20.30087,NA,NA
1657,"Fratercula arctica","Atlantic Puffin",Iceland,Storhofdi,63.4,-20.29,GPS,45,1657_45_102484,102484,adult,unknown,chick-rearing,breeding,2018-07-20,09:36:00,63.40534,-20.29716,NA,NA
1657,"Fratercula arctica","Atlantic Puffin",Iceland,Storhofdi,63.4,-20.29,GPS,45,1657_45_102484,102484,adult,unknown,chick-rearing,breeding,2018-07-20,09:31:00,63.40553,-20.29683,NA,NA
1657,"Fratercula arctica","Atlantic Puffin",Iceland,Storhofdi,63.4,-20.29,GPS,45,1657_45_102484,102484,adult,unknown,chick-rearing,breeding,2018-07-20,08:56:00,63.40548,-20.29227,NA,NA
1657,"Fratercula arctica","Atlantic Puffin",Iceland,Storhofdi,63.4,-20.29,GPS,45,1657_45_102484,102484,adult,unknown,chick-rearing,breeding,2018-07-20,08:51:00,63.40562,-20.29277,NA,NA
1657,"Fratercula arctica","Atlantic Puffin",Iceland,Storhofdi,63.4,-20.29,GPS,45,1657_45_102484,102484,adult,unknown,chick-rearing,breeding,2018-07-20,08:46:00,63.40567,-20.29257,NA,NA
1657,"Fratercula arctica","Atlantic Puffin",Iceland,Storhofdi,63.4,-20.29,GPS,45,1657_45_102484,102484,adult,unknown,chick-rearing,breeding,2018-07-20,08:41:00,63.40541,-20.29168,NA,NA
1657,"Fratercula arctica","Atlantic Puffin",Iceland,Storhofdi,63.4,-20.29,GPS,45,1657_45_102484,102484,adult,unknown,chick-rearing,breeding,2018-07-20,07:28:00,63.40524,-20.29422,NA,NA
1657,"Fratercula arctica","Atlantic Puffin",Iceland,Storhofdi,63.4,-20.29,GPS,45,1657_45_102484,102484,adult,unknown,chick-rearing,breeding,2018-07-20,07:23:00,63.40518,-20.29357,NA,NA
1657,"Fratercula arctica","Atlantic Puffin",Iceland,Storhofdi,63.4,-20.29,GPS,45,1657_45_102484,102484,adult,unknown,chick-rearing,breeding,2018-07-20,07:18:00,63.40437,-20.30013,NA,NA
1657,"Fratercula arctica","Atlantic Puffin",Iceland,Storhofdi,63.4,-20.29,GPS,45,1657_45_102484,102484,adult,unknown,chick-rearing,breeding,2018-07-20,07:08:00,63.40541,-20.29635,NA,NA
1657,"Fratercula arctica","Atlantic Puffin",Iceland,Storhofdi,63.4,-20.29,GPS,45,1657_45_102484,102484,adult,unknown,chick-rearing,breeding,2018-07-20,07:03:00,63.40620,-20.29609,NA,NA
1657,"Fratercula arctica","Atlantic Puffin",Iceland,Storhofdi,63.4,-20.29,GPS,45,1657_45_102484,102484,adult,unknown,chick-rearing,breeding,2018-07-20,06:58:00,63.40643,-20.29514,NA,NA
1657,"Fratercula arctica","Atlantic Puffin",Iceland,Storhofdi,63.4,-20.29,GPS,45,1657_45_102484,102484,adult,unknown,chick-rearing,breeding,2018-07-20,06:53:00,63.40634,-20.29529,NA,NA
1657,"Fratercula arctica","Atlantic Puffin",Iceland,Storhofdi,63.4,-20.29,GPS,45,1657_45_102484,102484,adult,unknown,chick-rearing,breeding,2018-07-20,06:48:00,63.40628,-20.29531,NA,NA
1657,"Fratercula arctica","Atlantic Puffin",Iceland,Storhofdi,63.4,-20.29,GPS,45,1657_45_102484,102484,adult,unknown,chick-rearing,breeding,2018-07-20,06:43:00,63.40639,-20.29499,NA,NA
1657,"Fratercula arctica","Atlantic Puffin",Iceland,Storhofdi,63.4,-20.29,GPS,45,1657_45_102484,102484,adult,unknown,chick-rearing,breeding,2018-07-19,07:39:00,63.40513,-20.29306,NA,NA
1657,"Fratercula arctica","Atlantic Puffin",Iceland,Storhofdi,63.4,-20.29,GPS,45,1657_45_102484,102484,adult,unknown,chick-rearing,breeding,2018-07-19,07:34:00,63.40503,-20.29321,NA,NA
1657,"Fratercula arctica","Atlantic Puffin",Iceland,Storhofdi,63.4,-20.29,GPS,45,1657_45_102484,102484,adult,unknown,chick-rearing,breeding,2018-07-19,05:44:00,63.40588,-20.29047,NA,NA
1657,"Fratercula arctica","Atlantic Puffin",Iceland,Storhofdi,63.4,-20.29,GPS,45,1657_45_102484,102484,adult,unknown,chick-rearing,breeding,2018-07-19,05:39:00,63.40579,-20.29178,NA,NA
1657,"Fratercula arctica","Atlantic Puffin",Iceland,Storhofdi,63.4,-20.29,GPS,45,1657_45_102484,102484,adult,unknown,chick-rearing,breeding,2018-07-19,05:34:00,63.40564,-20.29142,NA,NA
1657,"Fratercula arctica","Atlantic Puffin",Iceland,Storhofdi,63.4,-20.29,GPS,45,1657_45_102484,102484,adult,unknown,chick-rearing,breeding,2018-07-19,05:14:00,63.40613,-20.28991,NA,NA
1657,"Fratercula arctica","Atlantic Puffin",Iceland,Storhofdi,63.4,-20.29,GPS,45,1657_45_102484,102484,adult,unknown,chick-rearing,breeding,2018-07-19,05:09:00,63.40558,-20.28868,NA,NA
1657,"Fratercula arctica","Atlantic Puffin",Iceland,Storhofdi,63.4,-20.29,GPS,45,1657_45_102484,102484,adult,unknown,chick-rearing,breeding,2018-07-18,23:26:00,63.40543,-20.29270,NA,NA
1657,"Fratercula arctica","Atlantic Puffin",Iceland,Storhofdi,63.4,-20.29,GPS,45,1657_45_102484,102484,adult,unknown,chick-rearing,breeding,2018-07-18,21:51:00,63.40540,-20.29245,NA,NA
1657,"Fratercula arctica","Atlantic Puffin",Iceland,Storhofdi,63.4,-20.29,GPS,45,1657_45_102484,102484,adult,unknown,chick-rearing,breeding,2018-07-18,21:11:00,63.40563,-20.29521,NA,NA
1657,"Fratercula arctica","Atlantic Puffin",Iceland,Storhofdi,63.4,-20.29,GPS,45,1657_45_102484,102484,adult,unknown,chick-rearing,breeding,2018-07-18,21:06:00,63.40644,-20.29380,NA,NA
1657,"Fratercula arctica","Atlantic Puffin",Iceland,Storhofdi,63.4,-20.29,GPS,45,1657_45_102484,102484,adult,unknown,chick-rearing,breeding,2018-07-18,21:01:00,63.40522,-20.29266,NA,NA
1657,"Fratercula arctica","Atlantic Puffin",Iceland,Storhofdi,63.4,-20.29,GPS,45,1657_45_102484,102484,adult,unknown,chick-rearing,breeding,2018-07-18,20:56:00,63.40787,-20.29036,NA,NA
1657,"Fratercula arctica","Atlantic Puffin",Iceland,Storhofdi,63.4,-20.29,GPS,45,1657_45_102484,102484,adult,unknown,chick-rearing,breeding,2018-07-18,20:26:00,63.40522,-20.29641,NA,NA
1657,"Fratercula arctica","Atlantic Puffin",Iceland,Storhofdi,63.4,-20.29,GPS,45,1657_45_102484,102484,adult,unknown,chick-rearing,breeding,2018-07-18,20:21:00,63.40534,-20.29559,NA,NA
1657,"Fratercula arctica","Atlantic Puffin",Iceland,Storhofdi,63.4,-20.29,GPS,45,1657_45_102484,102484,adult,unknown,chick-rearing,breeding,2018-07-18,20:16:00,63.40529,-20.29431,NA,NA
1657,"Fratercula arctica","Atlantic Puffin",Iceland,Storhofdi,63.4,-20.29,GPS,45,1657_45_102484,102484,adult,unknown,chick-rearing,breeding,2018-07-18,20:31:00,63.40489,-20.29735,NA,NA
1657,"Fratercula arctica","Atlantic Puffin",Iceland,Storhofdi,63.4,-20.29,GPS,45,1657_45_102484,102484,adult,unknown,chick-rearing,breeding,2018-07-18,20:36:00,63.40447,-20.29814,NA,NA
1657,"Fratercula arctica","Atlantic Puffin",Iceland,Storhofdi,63.4,-20.29,GPS,45,1657_45_102484,102484,adult,unknown,chick-rearing,breeding,2018-07-19,03:36:00,63.36992,-20.26901,NA,NA
1657,"Fratercula arctica","Atlantic Puffin",Iceland,Storhofdi,63.4,-20.29,GPS,45,1657_45_102484,102484,adult,unknown,chick-rearing,breeding,2018-07-19,03:16:00,63.37122,-20.26874,NA,NA
1657,"Fratercula arctica","Atlantic Puffin",Iceland,Storhofdi,63.4,-20.29,GPS,45,1657_45_102484,102484,adult,unknown,chick-rearing,breeding,2018-07-19,03:11:00,63.37195,-20.26918,NA,NA
1657,"Fratercula arctica","Atlantic Puffin",Iceland,Storhofdi,63.4,-20.29,GPS,45,1657_45_102484,102484,adult,unknown,chick-rearing,breeding,2018-07-19,03:06:00,63.37282,-20.27008,NA,NA
1657,"Fratercula arctica","Atlantic Puffin",Iceland,Storhofdi,63.4,-20.29,GPS,45,1657_45_102484,102484,adult,unknown,chick-rearing,breeding,2018-07-19,03:01:00,63.37376,-20.27040,NA,NA
1657,"Fratercula arctica","Atlantic Puffin",Iceland,Storhofdi,63.4,-20.29,GPS,45,1657_45_102484,102484,adult,unknown,chick-rearing,breeding,2018-07-19,02:56:00,63.37574,-20.27054,NA,NA
1657,"Fratercula arctica","Atlantic Puffin",Iceland,Storhofdi,63.4,-20.29,GPS,45,1657_45_102484,102484,adult,unknown,chick-rearing,breeding,2018-07-19,02:51:00,63.37466,-20.26916,NA,NA
1657,"Fratercula arctica","Atlantic Puffin",Iceland,Storhofdi,63.4,-20.29,GPS,45,1657_45_102484,102484,adult,unknown,chick-rearing,breeding,2018-07-19,02:46:00,63.37463,-20.26918,NA,NA
1657,"Fratercula arctica","Atlantic Puffin",Iceland,Storhofdi,63.4,-20.29,GPS,45,1657_45_102484,102484,adult,unknown,chick-rearing,breeding,2018-07-19,02:41:00,63.37502,-20.26843,NA,NA
1657,"Fratercula arctica","Atlantic Puffin",Iceland,Storhofdi,63.4,-20.29,GPS,45,1657_45_102484,102484,adult,unknown,chick-rearing,breeding,2018-07-19,02:36:00,63.37545,-20.26825,NA,NA
1657,"Fratercula arctica","Atlantic Puffin",Iceland,Storhofdi,63.4,-20.29,GPS,45,1657_45_102484,102484,adult,unknown,chick-rearing,breeding,2018-07-19,02:31:00,63.37557,-20.26770,NA,NA
1657,"Fratercula arctica","Atlantic Puffin",Iceland,Storhofdi,63.4,-20.29,GPS,45,1657_45_102484,102484,adult,unknown,chick-rearing,breeding,2018-07-19,02:26:00,63.37636,-20.26809,NA,NA
1657,"Fratercula arctica","Atlantic Puffin",Iceland,Storhofdi,63.4,-20.29,GPS,45,1657_45_102484,102484,adult,unknown,chick-rearing,breeding,2018-07-19,02:21:00,63.37666,-20.26861,NA,NA
1657,"Fratercula arctica","Atlantic Puffin",Iceland,Storhofdi,63.4,-20.29,GPS,45,1657_45_102484,102484,adult,unknown,chick-rearing,breeding,2018-07-19,02:16:00,63.37673,-20.26835,NA,NA
1657,"Fratercula arctica","Atlantic Puffin",Iceland,Storhofdi,63.4,-20.29,GPS,45,1657_45_102484,102484,adult,unknown,chick-rearing,breeding,2018-07-19,02:11:00,63.37657,-20.26884,NA,NA
1657,"Fratercula arctica","Atlantic Puffin",Iceland,Storhofdi,63.4,-20.29,GPS,45,1657_45_102484,102484,adult,unknown,chick-rearing,breeding,2018-07-19,02:06:00,63.37699,-20.26891,NA,NA
1657,"Fratercula arctica","Atlantic Puffin",Iceland,Storhofdi,63.4,-20.29,GPS,45,1657_45_102484,102484,adult,unknown,chick-rearing,breeding,2018-07-19,02:01:00,63.37686,-20.26944,NA,NA
1657,"Fratercula arctica","Atlantic Puffin",Iceland,Storhofdi,63.4,-20.29,GPS,45,1657_45_102484,102484,adult,unknown,chick-rearing,breeding,2018-07-19,01:56:00,63.37700,-20.27026,NA,NA
1657,"Fratercula arctica","Atlantic Puffin",Iceland,Storhofdi,63.4,-20.29,GPS,45,1657_45_102484,102484,adult,unknown,chick-rearing,breeding,2018-07-19,01:51:00,63.37760,-20.27174,NA,NA
1657,"Fratercula arctica","Atlantic Puffin",Iceland,Storhofdi,63.4,-20.29,GPS,45,1657_45_102484,102484,adult,unknown,chick-rearing,breeding,2018-07-19,01:46:00,63.37751,-20.27309,NA,NA
1657,"Fratercula arctica","Atlantic Puffin",Iceland,Storhofdi,63.4,-20.29,GPS,45,1657_45_102484,102484,adult,unknown,chick-rearing,breeding,2018-07-19,01:41:00,63.37751,-20.27496,NA,NA
1657,"Fratercula arctica","Atlantic Puffin",Iceland,Storhofdi,63.4,-20.29,GPS,45,1657_45_102484,102484,adult,unknown,chick-rearing,breeding,2018-07-19,01:36:00,63.37790,-20.27717,NA,NA
1657,"Fratercula arctica","Atlantic Puffin",Iceland,Storhofdi,63.4,-20.29,GPS,45,1657_45_102484,102484,adult,unknown,chick-rearing,breeding,2018-07-19,01:31:00,63.37813,-20.27993,NA,NA
1657,"Fratercula arctica","Atlantic Puffin",Iceland,Storhofdi,63.4,-20.29,GPS,45,1657_45_102484,102484,adult,unknown,chick-rearing,breeding,2018-07-19,01:26:00,63.37865,-20.28248,NA,NA
1657,"Fratercula arctica","Atlantic Puffin",Iceland,Storhofdi,63.4,-20.29,GPS,45,1657_45_102484,102484,adult,unknown,chick-rearing,breeding,2018-07-19,01:21:00,63.37931,-20.28543,NA,NA
1657,"Fratercula arctica","Atlantic Puffin",Iceland,Storhofdi,63.4,-20.29,GPS,45,1657_45_102484,102484,adult,unknown,chick-rearing,breeding,2018-07-19,01:16:00,63.37980,-20.28805,NA,NA
1657,"Fratercula arctica","Atlantic Puffin",Iceland,Storhofdi,63.4,-20.29,GPS,45,1657_45_102484,102484,adult,unknown,chick-rearing,breeding,2018-07-19,01:11:00,63.38140,-20.29090,NA,NA
1657,"Fratercula arctica","Atlantic Puffin",Iceland,Storhofdi,63.4,-20.29,GPS,45,1657_45_102484,102484,adult,unknown,chick-rearing,breeding,2018-07-19,01:06:00,63.38248,-20.29352,NA,NA
1657,"Fratercula arctica","Atlantic Puffin",Iceland,Storhofdi,63.4,-20.29,GPS,45,1657_45_102484,102484,adult,unknown,chick-rearing,breeding,2018-07-19,01:01:00,63.38438,-20.29659,NA,NA
1657,"Fratercula arctica","Atlantic Puffin",Iceland,Storhofdi,63.4,-20.29,GPS,45,1657_45_102484,102484,adult,unknown,chick-rearing,breeding,2018-07-19,00:56:00,63.38603,-20.29904,NA,NA
1657,"Fratercula arctica","Atlantic Puffin",Iceland,Storhofdi,63.4,-20.29,GPS,45,1657_45_102484,102484,adult,unknown,chick-rearing,breeding,2018-07-19,00:51:00,63.38842,-20.30174,NA,NA
1657,"Fratercula arctica","Atlantic Puffin",Iceland,Storhofdi,63.4,-20.29,GPS,45,1657_45_102484,102484,adult,unknown,chick-rearing,breeding,2018-07-19,00:46:00,63.38973,-20.30349,NA,NA
1657,"Fratercula arctica","Atlantic Puffin",Iceland,Storhofdi,63.4,-20.29,GPS,45,1657_45_102484,102484,adult,unknown,chick-rearing,breeding,2018-07-19,00:41:00,63.39062,-20.30453,NA,NA
1657,"Fratercula arctica","Atlantic Puffin",Iceland,Storhofdi,63.4,-20.29,GPS,45,1657_45_102484,102484,adult,unknown,chick-rearing,breeding,2018-07-19,00:36:00,63.39133,-20.30563,NA,NA
1657,"Fratercula arctica","Atlantic Puffin",Iceland,Storhofdi,63.4,-20.29,GPS,45,1657_45_102484,102484,adult,unknown,chick-rearing,breeding,2018-07-19,00:31:00,63.39034,-20.30343,NA,NA
1657,"Fratercula arctica","Atlantic Puffin",Iceland,Storhofdi,63.4,-20.29,GPS,45,1657_45_102484,102484,adult,unknown,chick-rearing,breeding,2018-07-19,00:26:00,63.39243,-20.30680,NA,NA
1657,"Fratercula arctica","Atlantic Puffin",Iceland,Storhofdi,63.4,-20.29,GPS,45,1657_45_102484,102484,adult,unknown,chick-rearing,breeding,2018-07-19,00:21:00,63.39332,-20.30749,NA,NA
1657,"Fratercula arctica","Atlantic Puffin",Iceland,Storhofdi,63.4,-20.29,GPS,45,1657_45_102484,102484,adult,unknown,chick-rearing,breeding,2018-07-19,00:16:00,63.39380,-20.30743,NA,NA
1657,"Fratercula arctica","Atlantic Puffin",Iceland,Storhofdi,63.4,-20.29,GPS,45,1657_45_102484,102484,adult,unknown,chick-rearing,breeding,2018-07-19,00:11:00,63.39451,-20.30792,NA,NA
1657,"Fratercula arctica","Atlantic Puffin",Iceland,Storhofdi,63.4,-20.29,GPS,45,1657_45_102484,102484,adult,unknown,chick-rearing,breeding,2018-07-19,00:06:00,63.39551,-20.30857,NA,NA
1657,"Fratercula arctica","Atlantic Puffin",Iceland,Storhofdi,63.4,-20.29,GPS,45,1657_45_102484,102484,adult,unknown,chick-rearing,breeding,2018-07-19,00:01:00,63.39697,-20.30782,NA,NA
1657,"Fratercula arctica","Atlantic Puffin",Iceland,Storhofdi,63.4,-20.29,GPS,45,1657_45_102484,102484,adult,unknown,chick-rearing,breeding,2018-07-18,23:56:00,63.39892,-20.30649,NA,NA
1657,"Fratercula arctica","Atlantic Puffin",Iceland,Storhofdi,63.4,-20.29,GPS,45,1657_45_102484,102484,adult,unknown,chick-rearing,breeding,2018-07-18,23:51:00,63.40092,-20.30476,NA,NA
1657,"Fratercula arctica","Atlantic Puffin",Iceland,Storhofdi,63.4,-20.29,GPS,45,1657_45_102484,102484,adult,unknown,chick-rearing,breeding,2018-07-18,23:46:00,63.40193,-20.30148,NA,NA
1657,"Fratercula arctica","Atlantic Puffin",Iceland,Storhofdi,63.4,-20.29,GPS,45,1657_45_102484,102484,adult,unknown,chick-rearing,breeding,2018-07-18,23:41:00,63.40297,-20.29912,NA,NA
1657,"Fratercula arctica","Atlantic Puffin",Iceland,Storhofdi,63.4,-20.29,GPS,45,1657_45_102484,102484,adult,unknown,chick-rearing,breeding,2018-07-18,21:36:00,63.40325,-20.29622,NA,NA
1657,"Fratercula arctica","Atlantic Puffin",Iceland,Storhofdi,63.4,-20.29,GPS,45,1657_45_102484,102484,adult,unknown,chick-rearing,breeding,2018-07-18,21:16:00,63.40402,-20.29644,NA,NA
1657,"Fratercula arctica","Atlantic Puffin",Iceland,Storhofdi,63.4,-20.29,GPS,45,1657_45_102484,102484,adult,unknown,chick-rearing,breeding,2018-07-18,20:41:00,63.40426,-20.29869,NA,NA
1657,"Fratercula arctica","Atlantic Puffin",Iceland,Storhofdi,63.4,-20.29,GPS,45,1657_45_102484,102484,adult,unknown,chick-rearing,breeding,2018-07-19,12:29:00,63.07777,-20.77105,NA,NA
1657,"Fratercula arctica","Atlantic Puffin",Iceland,Storhofdi,63.4,-20.29,GPS,45,1657_45_102484,102484,adult,unknown,chick-rearing,breeding,2018-07-19,12:24:00,63.07782,-20.77114,NA,NA
1657,"Fratercula arctica","Atlantic Puffin",Iceland,Storhofdi,63.4,-20.29,GPS,45,1657_45_102484,102484,adult,unknown,chick-rearing,breeding,2018-07-19,12:19:00,63.07787,-20.77124,NA,NA
1657,"Fratercula arctica","Atlantic Puffin",Iceland,Storhofdi,63.4,-20.29,GPS,45,1657_45_102484,102484,adult,unknown,chick-rearing,breeding,2018-07-19,12:14:00,63.07757,-20.77051,NA,NA
1657,"Fratercula arctica","Atlantic Puffin",Iceland,Storhofdi,63.4,-20.29,GPS,45,1657_45_102484,102484,adult,unknown,chick-rearing,breeding,2018-07-19,11:53:00,63.07701,-20.77533,NA,NA
1657,"Fratercula arctica","Atlantic Puffin",Iceland,Storhofdi,63.4,-20.29,GPS,45,1657_45_102484,102484,adult,unknown,chick-rearing,breeding,2018-07-19,11:48:00,63.07635,-20.77241,NA,NA
1657,"Fratercula arctica","Atlantic Puffin",Iceland,Storhofdi,63.4,-20.29,GPS,45,1657_45_102484,102484,adult,unknown,chick-rearing,breeding,2018-07-19,11:43:00,63.07572,-20.76963,NA,NA
1657,"Fratercula arctica","Atlantic Puffin",Iceland,Storhofdi,63.4,-20.29,GPS,45,1657_45_102484,102484,adult,unknown,chick-rearing,breeding,2018-07-19,11:38:00,63.07509,-20.76685,NA,NA
1657,"Fratercula arctica","Atlantic Puffin",Iceland,Storhofdi,63.4,-20.29,GPS,45,1657_45_102484,102484,adult,unknown,chick-rearing,breeding,2018-07-19,11:33:00,63.07549,-20.76747,NA,NA
1657,"Fratercula arctica","Atlantic Puffin",Iceland,Storhofdi,63.4,-20.29,GPS,45,1657_45_102484,102484,adult,unknown,chick-rearing,breeding,2018-07-19,11:28:00,63.07658,-20.76882,NA,NA
1657,"Fratercula arctica","Atlantic Puffin",Iceland,Storhofdi,63.4,-20.29,GPS,45,1657_45_102484,102484,adult,unknown,chick-rearing,breeding,2018-07-19,11:23:00,63.07664,-20.77048,NA,NA
1657,"Fratercula arctica","Atlantic Puffin",Iceland,Storhofdi,63.4,-20.29,GPS,45,1657_45_102484,102484,adult,unknown,chick-rearing,breeding,2018-07-19,11:17:00,63.07653,-20.76937,NA,NA
1657,"Fratercula arctica","Atlantic Puffin",Iceland,Storhofdi,63.4,-20.29,GPS,45,1657_45_102484,102484,adult,unknown,chick-rearing,breeding,2018-07-19,11:12:00,63.07644,-20.76834,NA,NA
1657,"Fratercula arctica","Atlantic Puffin",Iceland,Storhofdi,63.4,-20.29,GPS,45,1657_45_102484,102484,adult,unknown,chick-rearing,breeding,2018-07-19,11:07:00,63.07608,-20.76869,NA,NA
1657,"Fratercula arctica","Atlantic Puffin",Iceland,Storhofdi,63.4,-20.29,GPS,45,1657_45_102484,102484,adult,unknown,chick-rearing,breeding,2018-07-20,05:53:00,63.12088,-20.86157,NA,NA
1657,"Fratercula arctica","Atlantic Puffin",Iceland,Storhofdi,63.4,-20.29,GPS,45,1657_45_102484,102484,adult,unknown,chick-rearing,breeding,2018-07-20,05:48:00,63.08715,-20.94067,NA,NA
1657,"Fratercula arctica","Atlantic Puffin",Iceland,Storhofdi,63.4,-20.29,GPS,45,1657_45_102484,102484,adult,unknown,chick-rearing,breeding,2018-07-20,05:43:00,63.05781,-21.03390,NA,NA
1657,"Fratercula arctica","Atlantic Puffin",Iceland,Storhofdi,63.4,-20.29,GPS,45,1657_45_102484,102484,adult,unknown,chick-rearing,breeding,2018-07-20,05:38:00,63.04566,-21.04947,NA,NA
1657,"Fratercula arctica","Atlantic Puffin",Iceland,Storhofdi,63.4,-20.29,GPS,45,1657_45_102484,102484,adult,unknown,chick-rearing,breeding,2018-07-20,05:33:00,63.04572,-21.04848,NA,NA
1657,"Fratercula arctica","Atlantic Puffin",Iceland,Storhofdi,63.4,-20.29,GPS,45,1657_45_102484,102484,adult,unknown,chick-rearing,breeding,2018-07-20,05:28:00,63.04589,-21.04817,NA,NA
1657,"Fratercula arctica","Atlantic Puffin",Iceland,Storhofdi,63.4,-20.29,GPS,45,1657_45_102484,102484,adult,unknown,chick-rearing,breeding,2018-07-20,05:23:00,63.04677,-21.04626,NA,NA
1657,"Fratercula arctica","Atlantic Puffin",Iceland,Storhofdi,63.4,-20.29,GPS,45,1657_45_102484,102484,adult,unknown,chick-rearing,breeding,2018-07-20,05:18:00,63.04765,-21.04433,NA,NA
1657,"Fratercula arctica","Atlantic Puffin",Iceland,Storhofdi,63.4,-20.29,GPS,45,1657_45_102484,102484,adult,unknown,chick-rearing,breeding,2018-07-20,05:12:00,63.04679,-21.04136,NA,NA
1657,"Fratercula arctica","Atlantic Puffin",Iceland,Storhofdi,63.4,-20.29,GPS,45,1657_45_102484,102484,adult,unknown,chick-rearing,breeding,2018-07-20,05:06:00,63.04563,-21.04562,NA,NA
1657,"Fratercula arctica","Atlantic Puffin",Iceland,Storhofdi,63.4,-20.29,GPS,45,1657_45_102484,102484,adult,unknown,chick-rearing,breeding,2018-07-20,05:01:00,63.04757,-21.04727,NA,NA
1657,"Fratercula arctica","Atlantic Puffin",Iceland,Storhofdi,63.4,-20.29,GPS,45,1657_45_102484,102484,adult,unknown,chick-rearing,breeding,2018-07-20,04:55:00,63.04934,-21.04328,NA,NA
1657,"Fratercula arctica","Atlantic Puffin",Iceland,Storhofdi,63.4,-20.29,GPS,45,1657_45_102484,102484,adult,unknown,chick-rearing,breeding,2018-07-20,04:50:00,63.04891,-21.04341,NA,NA
1657,"Fratercula arctica","Atlantic Puffin",Iceland,Storhofdi,63.4,-20.29,GPS,45,1657_45_102484,102484,adult,unknown,chick-rearing,breeding,2018-07-20,04:44:00,63.04942,-21.04065,NA,NA
1657,"Fratercula arctica","Atlantic Puffin",Iceland,Storhofdi,63.4,-20.29,GPS,45,1657_45_102484,102484,adult,unknown,chick-rearing,breeding,2018-07-20,04:03:00,63.03647,-21.05150,NA,NA
1657,"Fratercula arctica","Atlantic Puffin",Iceland,Storhofdi,63.4,-20.29,GPS,45,1657_45_102484,102484,adult,unknown,chick-rearing,breeding,2018-07-20,03:58:00,63.03562,-21.05395,NA,NA
1657,"Fratercula arctica","Atlantic Puffin",Iceland,Storhofdi,63.4,-20.29,GPS,45,1657_45_102484,102484,adult,unknown,chick-rearing,breeding,2018-07-20,03:53:00,63.03551,-21.05577,NA,NA
1657,"Fratercula arctica","Atlantic Puffin",Iceland,Storhofdi,63.4,-20.29,GPS,45,1657_45_102484,102484,adult,unknown,chick-rearing,breeding,2018-07-20,03:48:00,63.03504,-21.05809,NA,NA
1657,"Fratercula arctica","Atlantic Puffin",Iceland,Storhofdi,63.4,-20.29,GPS,45,1657_45_102484,102484,adult,unknown,chick-rearing,breeding,2018-07-20,03:43:00,63.03466,-21.06039,NA,NA
1657,"Fratercula arctica","Atlantic Puffin",Iceland,Storhofdi,63.4,-20.29,GPS,45,1657_45_102484,102484,adult,unknown,chick-rearing,breeding,2018-07-20,03:38:00,63.03426,-21.06290,NA,NA
1657,"Fratercula arctica","Atlantic Puffin",Iceland,Storhofdi,63.4,-20.29,GPS,45,1657_45_102484,102484,adult,unknown,chick-rearing,breeding,2018-07-20,03:33:00,63.03409,-21.06548,NA,NA
1657,"Fratercula arctica","Atlantic Puffin",Iceland,Storhofdi,63.4,-20.29,GPS,45,1657_45_102484,102484,adult,unknown,chick-rearing,breeding,2018-07-20,03:28:00,63.03351,-21.06722,NA,NA
1657,"Fratercula arctica","Atlantic Puffin",Iceland,Storhofdi,63.4,-20.29,GPS,45,1657_45_102484,102484,adult,unknown,chick-rearing,breeding,2018-07-20,03:23:00,63.03301,-21.06979,NA,NA
1657,"Fratercula arctica","Atlantic Puffin",Iceland,Storhofdi,63.4,-20.29,GPS,45,1657_45_102484,102484,adult,unknown,chick-rearing,breeding,2018-07-19,14:05:00,63.03348,-20.98166,NA,NA
1657,"Fratercula arctica","Atlantic Puffin",Iceland,Storhofdi,63.4,-20.29,GPS,45,1657_45_102484,102484,adult,unknown,chick-rearing,breeding,2018-07-19,14:00:00,63.03419,-20.97876,NA,NA
1657,"Fratercula arctica","Atlantic Puffin",Iceland,Storhofdi,63.4,-20.29,GPS,45,1657_45_102484,102484,adult,unknown,chick-rearing,breeding,2018-07-19,13:55:00,63.03528,-20.97445,NA,NA
1657,"Fratercula arctica","Atlantic Puffin",Iceland,Storhofdi,63.4,-20.29,GPS,45,1657_45_102484,102484,adult,unknown,chick-rearing,breeding,2018-07-19,13:50:00,63.03623,-20.97063,NA,NA
1657,"Fratercula arctica","Atlantic Puffin",Iceland,Storhofdi,63.4,-20.29,GPS,45,1657_45_102484,102484,adult,unknown,chick-rearing,breeding,2018-07-19,13:44:00,63.03695,-20.96220,NA,NA
1657,"Fratercula arctica","Atlantic Puffin",Iceland,Storhofdi,63.4,-20.29,GPS,45,1657_45_102484,102484,adult,unknown,chick-rearing,breeding,2018-07-19,13:39:00,63.05047,-20.88937,NA,NA
1657,"Fratercula arctica","Atlantic Puffin",Iceland,Storhofdi,63.4,-20.29,GPS,45,1657_45_102484,102484,adult,unknown,chick-rearing,breeding,2018-07-19,13:34:00,63.06373,-20.81654,NA,NA
1657,"Fratercula arctica","Atlantic Puffin",Iceland,Storhofdi,63.4,-20.29,GPS,45,1657_45_102484,102484,adult,unknown,chick-rearing,breeding,2018-07-19,13:29:00,63.06396,-20.78990,NA,NA
1657,"Fratercula arctica","Atlantic Puffin",Iceland,Storhofdi,63.4,-20.29,GPS,45,1657_45_102484,102484,adult,unknown,chick-rearing,breeding,2018-07-19,20:23:00,63.00875,-21.06601,NA,NA
1657,"Fratercula arctica","Atlantic Puffin",Iceland,Storhofdi,63.4,-20.29,GPS,45,1657_45_102484,102484,adult,unknown,chick-rearing,breeding,2018-07-19,19:47:00,63.00667,-21.06620,NA,NA
1657,"Fratercula arctica","Atlantic Puffin",Iceland,Storhofdi,63.4,-20.29,GPS,45,1657_45_102484,102484,adult,unknown,chick-rearing,breeding,2018-07-19,19:22:00,63.00649,-21.06844,NA,NA
1657,"Fratercula arctica","Atlantic Puffin",Iceland,Storhofdi,63.4,-20.29,GPS,45,1657_45_102484,102484,adult,unknown,chick-rearing,breeding,2018-07-19,18:51:00,63.00382,-21.06854,NA,NA
1657,"Fratercula arctica","Atlantic Puffin",Iceland,Storhofdi,63.4,-20.29,GPS,45,1657_45_102484,102484,adult,unknown,chick-rearing,breeding,2018-07-19,18:46:00,63.00312,-21.06537,NA,NA
1657,"Fratercula arctica","Atlantic Puffin",Iceland,Storhofdi,63.4,-20.29,GPS,45,1657_45_102484,102484,adult,unknown,chick-rearing,breeding,2018-07-19,18:41:00,63.00167,-21.06209,NA,NA
1657,"Fratercula arctica","Atlantic Puffin",Iceland,Storhofdi,63.4,-20.29,GPS,45,1657_45_102484,102484,adult,unknown,chick-rearing,breeding,2018-07-19,18:35:00,63.00171,-21.05649,NA,NA
1657,"Fratercula arctica","Atlantic Puffin",Iceland,Storhofdi,63.4,-20.29,GPS,45,1657_45_102484,102484,adult,unknown,chick-rearing,breeding,2018-07-19,18:30:00,63.00174,-21.05157,NA,NA
1657,"Fratercula arctica","Atlantic Puffin",Iceland,Storhofdi,63.4,-20.29,GPS,45,1657_45_102484,102484,adult,unknown,chick-rearing,breeding,2018-07-19,18:25:00,63.00177,-21.04664,NA,NA
1657,"Fratercula arctica","Atlantic Puffin",Iceland,Storhofdi,63.4,-20.29,GPS,45,1657_45_102484,102484,adult,unknown,chick-rearing,breeding,2018-07-19,18:20:00,63.00233,-21.04654,NA,NA
1657,"Fratercula arctica","Atlantic Puffin",Iceland,Storhofdi,63.4,-20.29,GPS,45,1657_45_102484,102484,adult,unknown,chick-rearing,breeding,2018-07-19,18:15:00,63.00285,-21.04582,NA,NA
1657,"Fratercula arctica","Atlantic Puffin",Iceland,Storhofdi,63.4,-20.29,GPS,45,1657_45_102484,102484,adult,unknown,chick-rearing,breeding,2018-07-19,18:10:00,63.00300,-21.04487,NA,NA
1657,"Fratercula arctica","Atlantic Puffin",Iceland,Storhofdi,63.4,-20.29,GPS,45,1657_45_102484,102484,adult,unknown,chick-rearing,breeding,2018-07-19,17:39:00,63.00714,-21.04542,NA,NA
1657,"Fratercula arctica","Atlantic Puffin",Iceland,Storhofdi,63.4,-20.29,GPS,45,1657_45_102484,102484,adult,unknown,chick-rearing,breeding,2018-07-19,17:34:00,63.00786,-21.04409,NA,NA
1657,"Fratercula arctica","Atlantic Puffin",Iceland,Storhofdi,63.4,-20.29,GPS,45,1657_45_102484,102484,adult,unknown,chick-rearing,breeding,2018-07-19,17:09:00,63.01021,-21.04432,NA,NA
1657,"Fratercula arctica","Atlantic Puffin",Iceland,Storhofdi,63.4,-20.29,GPS,45,1657_45_102484,102484,adult,unknown,chick-rearing,breeding,2018-07-19,17:03:00,63.01107,-21.04258,NA,NA
1657,"Fratercula arctica","Atlantic Puffin",Iceland,Storhofdi,63.4,-20.29,GPS,45,1657_45_102484,102484,adult,unknown,chick-rearing,breeding,2018-07-19,16:57:00,63.00974,-21.03870,NA,NA
1657,"Fratercula arctica","Atlantic Puffin",Iceland,Storhofdi,63.4,-20.29,GPS,45,1657_45_102484,102484,adult,unknown,chick-rearing,breeding,2018-07-19,16:52:00,63.00870,-21.03565,NA,NA
1657,"Fratercula arctica","Atlantic Puffin",Iceland,Storhofdi,63.4,-20.29,GPS,45,1657_45_102484,102484,adult,unknown,chick-rearing,breeding,2018-07-19,16:46:00,63.00806,-21.03249,NA,NA
1657,"Fratercula arctica","Atlantic Puffin",Iceland,Storhofdi,63.4,-20.29,GPS,45,1657_45_102484,102484,adult,unknown,chick-rearing,breeding,2018-07-19,16:41:00,63.00750,-21.02972,NA,NA
1657,"Fratercula arctica","Atlantic Puffin",Iceland,Storhofdi,63.4,-20.29,GPS,45,1657_45_102484,102484,adult,unknown,chick-rearing,breeding,2018-07-19,16:36:00,63.00694,-21.02695,NA,NA
1657,"Fratercula arctica","Atlantic Puffin",Iceland,Storhofdi,63.4,-20.29,GPS,45,1657_45_102484,102484,adult,unknown,chick-rearing,breeding,2018-07-19,16:31:00,63.00701,-21.02588,NA,NA
1657,"Fratercula arctica","Atlantic Puffin",Iceland,Storhofdi,63.4,-20.29,GPS,45,1657_45_102484,102484,adult,unknown,chick-rearing,breeding,2018-07-19,16:26:00,63.00725,-21.02726,NA,NA
1657,"Fratercula arctica","Atlantic Puffin",Iceland,Storhofdi,63.4,-20.29,GPS,45,1657_45_102484,102484,adult,unknown,chick-rearing,breeding,2018-07-19,16:20:00,63.00873,-21.02406,NA,NA
1657,"Fratercula arctica","Atlantic Puffin",Iceland,Storhofdi,63.4,-20.29,GPS,45,1657_45_102484,102484,adult,unknown,chick-rearing,breeding,2018-07-19,16:15:00,63.01005,-21.02124,NA,NA
1657,"Fratercula arctica","Atlantic Puffin",Iceland,Storhofdi,63.4,-20.29,GPS,45,1657_45_102484,102484,adult,unknown,chick-rearing,breeding,2018-07-19,15:39:00,63.01033,-21.01800,NA,NA
1657,"Fratercula arctica","Atlantic Puffin",Iceland,Storhofdi,63.4,-20.29,GPS,45,1657_45_102484,102484,adult,unknown,chick-rearing,breeding,2018-07-19,15:34:00,63.01184,-21.01231,NA,NA
1657,"Fratercula arctica","Atlantic Puffin",Iceland,Storhofdi,63.4,-20.29,GPS,45,1657_45_102484,102484,adult,unknown,chick-rearing,breeding,2018-07-19,15:28:00,63.01307,-21.00947,NA,NA
1657,"Fratercula arctica","Atlantic Puffin",Iceland,Storhofdi,63.4,-20.29,GPS,45,1657_45_102484,102484,adult,unknown,chick-rearing,breeding,2018-07-19,15:23:00,63.01417,-21.00692,NA,NA
1657,"Fratercula arctica","Atlantic Puffin",Iceland,Storhofdi,63.4,-20.29,GPS,45,1657_45_102484,102484,adult,unknown,chick-rearing,breeding,2018-07-19,15:18:00,63.01527,-21.00437,NA,NA
1657,"Fratercula arctica","Atlantic Puffin",Iceland,Storhofdi,63.4,-20.29,GPS,45,1657_45_102484,102484,adult,unknown,chick-rearing,breeding,2018-07-19,15:13:00,63.01635,-21.00314,NA,NA
1657,"Fratercula arctica","Atlantic Puffin",Iceland,Storhofdi,63.4,-20.29,GPS,45,1657_45_102484,102484,adult,unknown,chick-rearing,breeding,2018-07-19,15:08:00,63.01763,-21.00283,NA,NA
1657,"Fratercula arctica","Atlantic Puffin",Iceland,Storhofdi,63.4,-20.29,GPS,45,1657_45_102484,102484,adult,unknown,chick-rearing,breeding,2018-07-19,15:03:00,63.01887,-21.00252,NA,NA
1657,"Fratercula arctica","Atlantic Puffin",Iceland,Storhofdi,63.4,-20.29,GPS,45,1657_45_102484,102484,adult,unknown,chick-rearing,breeding,2018-07-19,14:58:00,63.02012,-21.00221,NA,NA
1657,"Fratercula arctica","Atlantic Puffin",Iceland,Storhofdi,63.4,-20.29,GPS,45,1657_45_102484,102484,adult,unknown,chick-rearing,breeding,2018-07-19,14:52:00,63.02169,-21.00149,NA,NA
1657,"Fratercula arctica","Atlantic Puffin",Iceland,Storhofdi,63.4,-20.29,GPS,45,1657_45_102484,102484,adult,unknown,chick-rearing,breeding,2018-07-19,14:47:00,63.02308,-21.00084,NA,NA
1657,"Fratercula arctica","Atlantic Puffin",Iceland,Storhofdi,63.4,-20.29,GPS,45,1657_45_102484,102484,adult,unknown,chick-rearing,breeding,2018-07-19,14:42:00,63.02473,-20.99697,NA,NA
1657,"Fratercula arctica","Atlantic Puffin",Iceland,Storhofdi,63.4,-20.29,GPS,45,1657_45_102484,102484,adult,unknown,chick-rearing,breeding,2018-07-19,14:21:00,63.02999,-20.98932,NA,NA
1657,"Fratercula arctica","Atlantic Puffin",Iceland,Storhofdi,63.4,-20.29,GPS,45,1657_45_102484,102484,adult,unknown,chick-rearing,breeding,2018-07-19,14:16:00,63.03132,-20.98651,NA,NA
1657,"Fratercula arctica","Atlantic Puffin",Iceland,Storhofdi,63.4,-20.29,GPS,45,1657_45_102484,102484,adult,unknown,chick-rearing,breeding,2018-07-19,14:11:00,63.03267,-20.98494,NA,NA
1657,"Fratercula arctica","Atlantic Puffin",Iceland,Storhofdi,63.4,-20.29,GPS,45,1657_45_102484,102484,adult,unknown,chick-rearing,breeding,2018-07-20,03:18:00,63.03272,-21.07185,NA,NA
1657,"Fratercula arctica","Atlantic Puffin",Iceland,Storhofdi,63.4,-20.29,GPS,45,1657_45_102484,102484,adult,unknown,chick-rearing,breeding,2018-07-20,03:13:00,63.03274,-21.07346,NA,NA
1657,"Fratercula arctica","Atlantic Puffin",Iceland,Storhofdi,63.4,-20.29,GPS,45,1657_45_102484,102484,adult,unknown,chick-rearing,breeding,2018-07-20,03:08:00,63.03217,-21.07585,NA,NA
1657,"Fratercula arctica","Atlantic Puffin",Iceland,Storhofdi,63.4,-20.29,GPS,45,1657_45_102484,102484,adult,unknown,chick-rearing,breeding,2018-07-20,03:03:00,63.03190,-21.07774,NA,NA
1657,"Fratercula arctica","Atlantic Puffin",Iceland,Storhofdi,63.4,-20.29,GPS,45,1657_45_102484,102484,adult,unknown,chick-rearing,breeding,2018-07-20,02:58:00,63.03012,-21.07645,NA,NA
1657,"Fratercula arctica","Atlantic Puffin",Iceland,Storhofdi,63.4,-20.29,GPS,45,1657_45_102484,102484,adult,unknown,chick-rearing,breeding,2018-07-20,02:53:00,63.03039,-21.07811,NA,NA
1657,"Fratercula arctica","Atlantic Puffin",Iceland,Storhofdi,63.4,-20.29,GPS,45,1657_45_102484,102484,adult,unknown,chick-rearing,breeding,2018-07-20,02:48:00,63.03024,-21.07962,NA,NA
1657,"Fratercula arctica","Atlantic Puffin",Iceland,Storhofdi,63.4,-20.29,GPS,45,1657_45_102484,102484,adult,unknown,chick-rearing,breeding,2018-07-20,02:43:00,63.02994,-21.08086,NA,NA
1657,"Fratercula arctica","Atlantic Puffin",Iceland,Storhofdi,63.4,-20.29,GPS,45,1657_45_102484,102484,adult,unknown,chick-rearing,breeding,2018-07-20,02:38:00,63.02944,-21.08240,NA,NA
1657,"Fratercula arctica","Atlantic Puffin",Iceland,Storhofdi,63.4,-20.29,GPS,45,1657_45_102484,102484,adult,unknown,chick-rearing,breeding,2018-07-20,02:33:00,63.02874,-21.08382,NA,NA
1657,"Fratercula arctica","Atlantic Puffin",Iceland,Storhofdi,63.4,-20.29,GPS,45,1657_45_102484,102484,adult,unknown,chick-rearing,breeding,2018-07-20,02:28:00,63.02818,-21.08491,NA,NA
1657,"Fratercula arctica","Atlantic Puffin",Iceland,Storhofdi,63.4,-20.29,GPS,45,1657_45_102484,102484,adult,unknown,chick-rearing,breeding,2018-07-20,02:23:00,63.02829,-21.08554,NA,NA
1657,"Fratercula arctica","Atlantic Puffin",Iceland,Storhofdi,63.4,-20.29,GPS,45,1657_45_102484,102484,adult,unknown,chick-rearing,breeding,2018-07-20,02:18:00,63.02828,-21.08589,NA,NA
1657,"Fratercula arctica","Atlantic Puffin",Iceland,Storhofdi,63.4,-20.29,GPS,45,1657_45_102484,102484,adult,unknown,chick-rearing,breeding,2018-07-20,02:13:00,63.02846,-21.08645,NA,NA
1657,"Fratercula arctica","Atlantic Puffin",Iceland,Storhofdi,63.4,-20.29,GPS,45,1657_45_102484,102484,adult,unknown,chick-rearing,breeding,2018-07-20,02:08:00,63.02849,-21.08742,NA,NA
1657,"Fratercula arctica","Atlantic Puffin",Iceland,Storhofdi,63.4,-20.29,GPS,45,1657_45_102484,102484,adult,unknown,chick-rearing,breeding,2018-07-20,02:03:00,63.02862,-21.08810,NA,NA
1657,"Fratercula arctica","Atlantic Puffin",Iceland,Storhofdi,63.4,-20.29,GPS,45,1657_45_102484,102484,adult,unknown,chick-rearing,breeding,2018-07-20,01:58:00,63.02896,-21.08901,NA,NA
1657,"Fratercula arctica","Atlantic Puffin",Iceland,Storhofdi,63.4,-20.29,GPS,45,1657_45_102484,102484,adult,unknown,chick-rearing,breeding,2018-07-20,01:53:00,63.02909,-21.08974,NA,NA
1657,"Fratercula arctica","Atlantic Puffin",Iceland,Storhofdi,63.4,-20.29,GPS,45,1657_45_102484,102484,adult,unknown,chick-rearing,breeding,2018-07-20,01:48:00,63.02932,-21.09043,NA,NA
1657,"Fratercula arctica","Atlantic Puffin",Iceland,Storhofdi,63.4,-20.29,GPS,45,1657_45_102484,102484,adult,unknown,chick-rearing,breeding,2018-07-20,01:43:00,63.02929,-21.09108,NA,NA
1657,"Fratercula arctica","Atlantic Puffin",Iceland,Storhofdi,63.4,-20.29,GPS,45,1657_45_102484,102484,adult,unknown,chick-rearing,breeding,2018-07-20,01:38:00,63.02932,-21.09173,NA,NA
1657,"Fratercula arctica","Atlantic Puffin",Iceland,Storhofdi,63.4,-20.29,GPS,45,1657_45_102484,102484,adult,unknown,chick-rearing,breeding,2018-07-20,01:33:00,63.02935,-21.09216,NA,NA
1657,"Fratercula arctica","Atlantic Puffin",Iceland,Storhofdi,63.4,-20.29,GPS,45,1657_45_102484,102484,adult,unknown,chick-rearing,breeding,2018-07-20,01:28:00,63.02948,-21.09281,NA,NA
1657,"Fratercula arctica","Atlantic Puffin",Iceland,Storhofdi,63.4,-20.29,GPS,45,1657_45_102484,102484,adult,unknown,chick-rearing,breeding,2018-07-20,01:23:00,63.02938,-21.09319,NA,NA
1657,"Fratercula arctica","Atlantic Puffin",Iceland,Storhofdi,63.4,-20.29,GPS,45,1657_45_102484,102484,adult,unknown,chick-rearing,breeding,2018-07-20,01:18:00,63.02944,-21.09368,NA,NA
1657,"Fratercula arctica","Atlantic Puffin",Iceland,Storhofdi,63.4,-20.29,GPS,45,1657_45_102484,102484,adult,unknown,chick-rearing,breeding,2018-07-20,01:13:00,63.02941,-21.09401,NA,NA
1657,"Fratercula arctica","Atlantic Puffin",Iceland,Storhofdi,63.4,-20.29,GPS,45,1657_45_102484,102484,adult,unknown,chick-rearing,breeding,2018-07-20,01:08:00,63.02937,-21.09434,NA,NA
1657,"Fratercula arctica","Atlantic Puffin",Iceland,Storhofdi,63.4,-20.29,GPS,45,1657_45_102484,102484,adult,unknown,chick-rearing,breeding,2018-07-20,01:01:00,63.02930,-21.09449,NA,NA
1657,"Fratercula arctica","Atlantic Puffin",Iceland,Storhofdi,63.4,-20.29,GPS,45,1657_45_102484,102484,adult,unknown,chick-rearing,breeding,2018-07-20,00:56:00,63.02925,-21.09459,NA,NA
1657,"Fratercula arctica","Atlantic Puffin",Iceland,Storhofdi,63.4,-20.29,GPS,45,1657_45_102484,102484,adult,unknown,chick-rearing,breeding,2018-07-20,00:51:00,63.02933,-21.09480,NA,NA
1657,"Fratercula arctica","Atlantic Puffin",Iceland,Storhofdi,63.4,-20.29,GPS,45,1657_45_102484,102484,adult,unknown,chick-rearing,breeding,2018-07-20,00:46:00,63.02925,-21.09509,NA,NA
1657,"Fratercula arctica","Atlantic Puffin",Iceland,Storhofdi,63.4,-20.29,GPS,45,1657_45_102484,102484,adult,unknown,chick-rearing,breeding,2018-07-20,00:41:00,63.02893,-21.09510,NA,NA
1657,"Fratercula arctica","Atlantic Puffin",Iceland,Storhofdi,63.4,-20.29,GPS,45,1657_45_102484,102484,adult,unknown,chick-rearing,breeding,2018-07-20,00:36:00,63.02865,-21.09505,NA,NA
1657,"Fratercula arctica","Atlantic Puffin",Iceland,Storhofdi,63.4,-20.29,GPS,45,1657_45_102484,102484,adult,unknown,chick-rearing,breeding,2018-07-20,00:07:00,63.02700,-21.09659,NA,NA
1657,"Fratercula arctica","Atlantic Puffin",Iceland,Storhofdi,63.4,-20.29,GPS,45,1657_45_102484,102484,adult,unknown,chick-rearing,breeding,2018-07-20,00:02:00,63.02695,-21.09690,NA,NA
1657,"Fratercula arctica","Atlantic Puffin",Iceland,Storhofdi,63.4,-20.29,GPS,45,1657_45_102484,102484,adult,unknown,chick-rearing,breeding,2018-07-19,23:57:00,63.02708,-21.09698,NA,NA
1657,"Fratercula arctica","Atlantic Puffin",Iceland,Storhofdi,63.4,-20.29,GPS,45,1657_45_102484,102484,adult,unknown,chick-rearing,breeding,2018-07-19,23:52:00,63.02683,-21.09708,NA,NA
1657,"Fratercula arctica","Atlantic Puffin",Iceland,Storhofdi,63.4,-20.29,GPS,45,1657_45_102484,102484,adult,unknown,chick-rearing,breeding,2018-07-19,23:47:00,63.02685,-21.09718,NA,NA
1657,"Fratercula arctica","Atlantic Puffin",Iceland,Storhofdi,63.4,-20.29,GPS,45,1657_45_102484,102484,adult,unknown,chick-rearing,breeding,2018-07-19,23:42:00,63.02689,-21.09732,NA,NA
1657,"Fratercula arctica","Atlantic Puffin",Iceland,Storhofdi,63.4,-20.29,GPS,45,1657_45_102484,102484,adult,unknown,chick-rearing,breeding,2018-07-19,23:32:00,63.02684,-21.09733,NA,NA
1657,"Fratercula arctica","Atlantic Puffin",Iceland,Storhofdi,63.4,-20.29,GPS,45,1657_45_102484,102484,adult,unknown,chick-rearing,breeding,2018-07-19,23:27:00,63.02637,-21.09588,NA,NA
1657,"Fratercula arctica","Atlantic Puffin",Iceland,Storhofdi,63.4,-20.29,GPS,45,1657_45_102484,102484,adult,unknown,chick-rearing,breeding,2018-07-19,23:22:00,63.02690,-21.09681,NA,NA
1657,"Fratercula arctica","Atlantic Puffin",Iceland,Storhofdi,63.4,-20.29,GPS,45,1657_45_102484,102484,adult,unknown,chick-rearing,breeding,2018-07-19,22:52:00,63.02744,-21.09374,NA,NA
1657,"Fratercula arctica","Atlantic Puffin",Iceland,Storhofdi,63.4,-20.29,GPS,45,1657_45_102484,102484,adult,unknown,chick-rearing,breeding,2018-07-19,22:57:00,63.02737,-21.09472,NA,NA
1657,"Fratercula arctica","Atlantic Puffin",Iceland,Storhofdi,63.4,-20.29,GPS,45,1657_45_102484,102484,adult,unknown,chick-rearing,breeding,2018-07-19,23:02:00,63.02725,-21.09545,NA,NA
1657,"Fratercula arctica","Atlantic Puffin",Iceland,Storhofdi,63.4,-20.29,GPS,45,1657_45_102484,102484,adult,unknown,chick-rearing,breeding,2018-07-19,23:07:00,63.02728,-21.09602,NA,NA
1657,"Fratercula arctica","Atlantic Puffin",Iceland,Storhofdi,63.4,-20.29,GPS,45,1657_45_102484,102484,adult,unknown,chick-rearing,breeding,2018-07-19,23:12:00,63.02727,-21.09647,NA,NA
1657,"Fratercula arctica","Atlantic Puffin",Iceland,Storhofdi,63.4,-20.29,GPS,45,1657_45_102484,102484,adult,unknown,chick-rearing,breeding,2018-07-19,23:17:00,63.02708,-21.09668,NA,NA
1657,"Fratercula arctica","Atlantic Puffin",Iceland,Storhofdi,63.4,-20.29,GPS,45,1657_45_102484,102484,adult,unknown,chick-rearing,breeding,2018-07-19,23:37:00,63.02690,-21.09743,NA,NA
1657,"Fratercula arctica","Atlantic Puffin",Iceland,Storhofdi,63.4,-20.29,GPS,45,1657_45_102484,102484,adult,unknown,chick-rearing,breeding,2018-07-18,17:36:00,63.44830,-20.86529,NA,NA
1657,"Fratercula arctica","Atlantic Puffin",Iceland,Storhofdi,63.4,-20.29,GPS,45,1657_45_102484,102484,adult,unknown,chick-rearing,breeding,2018-07-18,17:31:00,63.45340,-20.92138,NA,NA
1657,"Fratercula arctica","Atlantic Puffin",Iceland,Storhofdi,63.4,-20.29,GPS,45,1657_45_102484,102484,adult,unknown,chick-rearing,breeding,2018-07-18,17:26:00,63.46198,-20.97852,NA,NA
1657,"Fratercula arctica","Atlantic Puffin",Iceland,Storhofdi,63.4,-20.29,GPS,45,1657_45_102484,102484,adult,unknown,chick-rearing,breeding,2018-07-18,17:21:00,63.46675,-21.03942,NA,NA
1657,"Fratercula arctica","Atlantic Puffin",Iceland,Storhofdi,63.4,-20.29,GPS,45,1657_45_102484,102484,adult,unknown,chick-rearing,breeding,2018-07-18,17:16:00,63.47012,-21.09885,NA,NA
1657,"Fratercula arctica","Atlantic Puffin",Iceland,Storhofdi,63.4,-20.29,GPS,45,1657_45_102484,102484,adult,unknown,chick-rearing,breeding,2018-07-18,17:11:00,63.47399,-21.15692,NA,NA
1657,"Fratercula arctica","Atlantic Puffin",Iceland,Storhofdi,63.4,-20.29,GPS,45,1657_45_102484,102484,adult,unknown,chick-rearing,breeding,2018-07-18,17:06:00,63.47879,-21.22022,NA,NA
1657,"Fratercula arctica","Atlantic Puffin",Iceland,Storhofdi,63.4,-20.29,GPS,45,1657_45_102484,102484,adult,unknown,chick-rearing,breeding,2018-07-18,17:01:00,63.47968,-21.28103,NA,NA
1657,"Fratercula arctica","Atlantic Puffin",Iceland,Storhofdi,63.4,-20.29,GPS,45,1657_45_102484,102484,adult,unknown,chick-rearing,breeding,2018-07-18,16:56:00,63.47911,-21.34467,NA,NA
1657,"Fratercula arctica","Atlantic Puffin",Iceland,Storhofdi,63.4,-20.29,GPS,45,1657_45_102484,102484,adult,unknown,chick-rearing,breeding,2018-07-18,16:51:00,63.47251,-21.41243,NA,NA
1657,"Fratercula arctica","Atlantic Puffin",Iceland,Storhofdi,63.4,-20.29,GPS,45,1657_45_102484,102484,adult,unknown,chick-rearing,breeding,2018-07-18,16:46:00,63.46947,-21.44334,NA,NA
1657,"Fratercula arctica","Atlantic Puffin",Iceland,Storhofdi,63.4,-20.29,GPS,45,1657_45_102484,102484,adult,unknown,chick-rearing,breeding,2018-07-18,16:40:00,63.47076,-21.44442,NA,NA
1657,"Fratercula arctica","Atlantic Puffin",Iceland,Storhofdi,63.4,-20.29,GPS,45,1657_45_102484,102484,adult,unknown,chick-rearing,breeding,2018-07-18,16:35:00,63.47157,-21.44774,NA,NA
1657,"Fratercula arctica","Atlantic Puffin",Iceland,Storhofdi,63.4,-20.29,GPS,45,1657_45_102484,102484,adult,unknown,chick-rearing,breeding,2018-07-18,16:30:00,63.47299,-21.44949,NA,NA
1657,"Fratercula arctica","Atlantic Puffin",Iceland,Storhofdi,63.4,-20.29,GPS,45,1657_45_102484,102484,adult,unknown,chick-rearing,breeding,2018-07-18,16:24:00,63.47477,-21.44660,NA,NA
1657,"Fratercula arctica","Atlantic Puffin",Iceland,Storhofdi,63.4,-20.29,GPS,45,1657_45_102484,102484,adult,unknown,chick-rearing,breeding,2018-07-18,16:19:00,63.47647,-21.44384,NA,NA
1657,"Fratercula arctica","Atlantic Puffin",Iceland,Storhofdi,63.4,-20.29,GPS,45,1657_45_102484,102484,adult,unknown,chick-rearing,breeding,2018-07-18,16:14:00,63.47728,-21.44318,NA,NA
1657,"Fratercula arctica","Atlantic Puffin",Iceland,Storhofdi,63.4,-20.29,GPS,45,1657_45_102484,102484,adult,unknown,chick-rearing,breeding,2018-07-19,20:18:00,63.00881,-21.06520,NA,NA
1657,"Fratercula arctica","Atlantic Puffin",Iceland,Storhofdi,63.4,-20.29,GPS,45,1657_45_102484,102484,adult,unknown,chick-rearing,breeding,2018-07-20,10:01:00,63.40384,-20.30056,NA,NA
1657,"Fratercula arctica","Atlantic Puffin",Iceland,Storhofdi,63.4,-20.29,GPS,45,1657_45_102484,102484,adult,unknown,chick-rearing,breeding,2018-07-20,09:56:00,63.40410,-20.29994,NA,NA
1657,"Fratercula arctica","Atlantic Puffin",Iceland,Storhofdi,63.4,-20.29,GPS,45,1657_45_102484,102484,adult,unknown,chick-rearing,breeding,2018-07-20,09:51:00,63.40454,-20.29909,NA,NA
1657,"Fratercula arctica","Atlantic Puffin",Iceland,Storhofdi,63.4,-20.29,GPS,45,1657_45_102484,102484,adult,unknown,chick-rearing,breeding,2018-07-20,09:46:00,63.40497,-20.29858,NA,NA
1657,"Fratercula arctica","Atlantic Puffin",Iceland,Storhofdi,63.4,-20.29,GPS,45,1657_45_102484,102484,adult,unknown,chick-rearing,breeding,2018-07-20,09:41:00,63.40511,-20.29807,NA,NA
1657,"Fratercula arctica","Atlantic Puffin",Iceland,Storhofdi,63.4,-20.29,GPS,45,1657_45_102484,102484,adult,unknown,chick-rearing,breeding,2018-07-20,08:18:00,63.40430,-20.29935,NA,NA
1657,"Fratercula arctica","Atlantic Puffin",Iceland,Storhofdi,63.4,-20.29,GPS,45,1657_45_102484,102484,adult,unknown,chick-rearing,breeding,2018-07-20,08:13:00,63.40435,-20.29851,NA,NA
1657,"Fratercula arctica","Atlantic Puffin",Iceland,Storhofdi,63.4,-20.29,GPS,45,1657_45_102484,102484,adult,unknown,chick-rearing,breeding,2018-07-20,08:08:00,63.40453,-20.29821,NA,NA
1657,"Fratercula arctica","Atlantic Puffin",Iceland,Storhofdi,63.4,-20.29,GPS,45,1657_45_102484,102484,adult,unknown,chick-rearing,breeding,2018-07-20,08:03:00,63.40456,-20.29801,NA,NA
1657,"Fratercula arctica","Atlantic Puffin",Iceland,Storhofdi,63.4,-20.29,GPS,45,1657_45_102484,102484,adult,unknown,chick-rearing,breeding,2018-07-20,07:58:00,63.40458,-20.29690,NA,NA
1657,"Fratercula arctica","Atlantic Puffin",Iceland,Storhofdi,63.4,-20.29,GPS,45,1657_45_102484,102484,adult,unknown,chick-rearing,breeding,2018-07-20,07:53:00,63.40475,-20.29637,NA,NA
1657,"Fratercula arctica","Atlantic Puffin",Iceland,Storhofdi,63.4,-20.29,GPS,45,1657_45_102484,102484,adult,unknown,chick-rearing,breeding,2018-07-20,07:48:00,63.40488,-20.29626,NA,NA
1657,"Fratercula arctica","Atlantic Puffin",Iceland,Storhofdi,63.4,-20.29,GPS,45,1657_45_102484,102484,adult,unknown,chick-rearing,breeding,2018-07-20,07:43:00,63.40489,-20.29594,NA,NA
1657,"Fratercula arctica","Atlantic Puffin",Iceland,Storhofdi,63.4,-20.29,GPS,45,1657_45_102484,102484,adult,unknown,chick-rearing,breeding,2018-07-20,07:38:00,63.40494,-20.29535,NA,NA
1657,"Fratercula arctica","Atlantic Puffin",Iceland,Storhofdi,63.4,-20.29,GPS,45,1657_45_102484,102484,adult,unknown,chick-rearing,breeding,2018-07-20,07:33:00,63.40511,-20.29474,NA,NA
1657,"Fratercula arctica","Atlantic Puffin",Iceland,Storhofdi,63.4,-20.29,GPS,45,1657_45_102484,102484,adult,unknown,chick-rearing,breeding,2018-07-20,07:13:00,63.40502,-20.29829,NA,NA
1657,"Fratercula arctica","Atlantic Puffin",Iceland,Storhofdi,63.4,-20.29,GPS,45,1657_45_102484,102484,adult,unknown,chick-rearing,breeding,2018-07-19,07:44:00,63.40466,-20.29348,NA,NA
1657,"Fratercula arctica","Atlantic Puffin",Iceland,Storhofdi,63.4,-20.29,GPS,45,1657_45_102484,102484,adult,unknown,chick-rearing,breeding,2018-07-19,07:29:00,63.40509,-20.29346,NA,NA
1657,"Fratercula arctica","Atlantic Puffin",Iceland,Storhofdi,63.4,-20.29,GPS,45,1657_45_102484,102484,adult,unknown,chick-rearing,breeding,2018-07-19,07:24:00,63.40500,-20.29338,NA,NA
1657,"Fratercula arctica","Atlantic Puffin",Iceland,Storhofdi,63.4,-20.29,GPS,45,1657_45_102484,102484,adult,unknown,chick-rearing,breeding,2018-07-18,23:36:00,63.40427,-20.29697,NA,NA
1657,"Fratercula arctica","Atlantic Puffin",Iceland,Storhofdi,63.4,-20.29,GPS,45,1657_45_102484,102484,adult,unknown,chick-rearing,breeding,2018-07-18,23:31:00,63.40494,-20.29482,NA,NA
1657,"Fratercula arctica","Atlantic Puffin",Iceland,Storhofdi,63.4,-20.29,GPS,45,1657_45_102484,102484,adult,unknown,chick-rearing,breeding,2018-07-18,20:11:00,63.40540,-20.29363,NA,NA
1657,"Fratercula arctica","Atlantic Puffin",Iceland,Storhofdi,63.4,-20.29,GPS,45,1657_45_102484,102484,adult,unknown,chick-rearing,breeding,2018-07-18,20:06:00,63.40549,-20.29265,NA,NA
1657,"Fratercula arctica","Atlantic Puffin",Iceland,Storhofdi,63.4,-20.29,GPS,45,1657_45_102484,102484,adult,unknown,chick-rearing,breeding,2018-07-18,20:01:00,63.40548,-20.29170,NA,NA
1657,"Fratercula arctica","Atlantic Puffin",Iceland,Storhofdi,63.4,-20.29,GPS,45,1657_45_102484,102484,adult,unknown,chick-rearing,breeding,2018-07-18,19:46:00,63.40542,-20.29669,NA,NA
1657,"Fratercula arctica","Atlantic Puffin",Iceland,Storhofdi,63.4,-20.29,GPS,45,1657_45_102484,102484,adult,unknown,chick-rearing,breeding,2018-07-18,19:41:00,63.40526,-20.29593,NA,NA
1657,"Fratercula arctica","Atlantic Puffin",Iceland,Storhofdi,63.4,-20.29,GPS,45,1657_45_102484,102484,adult,unknown,chick-rearing,breeding,2018-07-18,19:36:00,63.40590,-20.29427,NA,NA
1657,"Fratercula arctica","Atlantic Puffin",Iceland,Storhofdi,63.4,-20.29,GPS,45,1657_45_102484,102484,adult,unknown,chick-rearing,breeding,2018-07-18,19:31:00,63.40591,-20.29266,NA,NA
1657,"Fratercula arctica","Atlantic Puffin",Iceland,Storhofdi,63.4,-20.29,GPS,45,1657_45_102484,102484,adult,unknown,chick-rearing,breeding,2018-07-18,19:26:00,63.40562,-20.29096,NA,NA
1657,"Fratercula arctica","Atlantic Puffin",Iceland,Storhofdi,63.4,-20.29,GPS,45,1657_45_102484,102484,adult,unknown,chick-rearing,breeding,2018-07-19,22:47:00,63.02738,-21.09260,NA,NA
1657,"Fratercula arctica","Atlantic Puffin",Iceland,Storhofdi,63.4,-20.29,GPS,45,1657_45_102484,102484,adult,unknown,chick-rearing,breeding,2018-07-19,22:42:00,63.02733,-21.09152,NA,NA
1657,"Fratercula arctica","Atlantic Puffin",Iceland,Storhofdi,63.4,-20.29,GPS,45,1657_45_102484,102484,adult,unknown,chick-rearing,breeding,2018-07-19,22:37:00,63.02853,-21.08928,NA,NA
1657,"Fratercula arctica","Atlantic Puffin",Iceland,Storhofdi,63.4,-20.29,GPS,45,1657_45_102484,102484,adult,unknown,chick-rearing,breeding,2018-07-19,22:31:00,63.02890,-21.08930,NA,NA
1657,"Fratercula arctica","Atlantic Puffin",Iceland,Storhofdi,63.4,-20.29,GPS,45,1657_45_102484,102484,adult,unknown,chick-rearing,breeding,2018-07-19,22:26:00,63.02926,-21.08932,NA,NA
1657,"Fratercula arctica","Atlantic Puffin",Iceland,Storhofdi,63.4,-20.29,GPS,45,1657_45_102484,102484,adult,unknown,chick-rearing,breeding,2018-07-19,22:21:00,63.02962,-21.08934,NA,NA
1657,"Fratercula arctica","Atlantic Puffin",Iceland,Storhofdi,63.4,-20.29,GPS,45,1657_45_102484,102484,adult,unknown,chick-rearing,breeding,2018-07-19,21:46:00,63.02070,-21.09307,NA,NA
1657,"Fratercula arctica","Atlantic Puffin",Iceland,Storhofdi,63.4,-20.29,GPS,45,1657_45_102484,102484,adult,unknown,chick-rearing,breeding,2018-07-19,21:40:00,63.01961,-21.09305,NA,NA
1657,"Fratercula arctica","Atlantic Puffin",Iceland,Storhofdi,63.4,-20.29,GPS,45,1657_45_102484,102484,adult,unknown,chick-rearing,breeding,2018-07-19,21:35:00,63.01892,-21.09340,NA,NA
1657,"Fratercula arctica","Atlantic Puffin",Iceland,Storhofdi,63.4,-20.29,GPS,45,1657_45_102484,102484,adult,unknown,chick-rearing,breeding,2018-07-19,21:30:00,63.01891,-21.09262,NA,NA
1657,"Fratercula arctica","Atlantic Puffin",Iceland,Storhofdi,63.4,-20.29,GPS,45,1657_45_102484,102484,adult,unknown,chick-rearing,breeding,2018-07-19,21:25:00,63.01894,-21.09190,NA,NA
1657,"Fratercula arctica","Atlantic Puffin",Iceland,Storhofdi,63.4,-20.29,GPS,45,1657_45_102484,102484,adult,unknown,chick-rearing,breeding,2018-07-19,21:20:00,63.01896,-21.08898,NA,NA
1657,"Fratercula arctica","Atlantic Puffin",Iceland,Storhofdi,63.4,-20.29,GPS,45,1657_45_102484,102484,adult,unknown,chick-rearing,breeding,2018-07-19,21:14:00,63.01717,-21.08902,NA,NA
1657,"Fratercula arctica","Atlantic Puffin",Iceland,Storhofdi,63.4,-20.29,GPS,45,1657_45_102484,102484,adult,unknown,chick-rearing,breeding,2018-07-18,19:11:00,63.40541,-20.29191,NA,NA
1657,"Fratercula arctica","Atlantic Puffin",Iceland,Storhofdi,63.4,-20.29,GPS,45,1657_45_102484,102484,adult,unknown,chick-rearing,breeding,2018-07-18,18:51:00,63.40527,-20.29823,NA,NA
1657,"Fratercula arctica","Atlantic Puffin",Iceland,Storhofdi,63.4,-20.29,GPS,45,1657_45_102484,102484,adult,unknown,chick-rearing,breeding,2018-07-18,18:46:00,63.40539,-20.29663,NA,NA
1657,"Fratercula arctica","Atlantic Puffin",Iceland,Storhofdi,63.4,-20.29,GPS,45,1657_45_102484,102484,adult,unknown,chick-rearing,breeding,2018-07-18,18:41:00,63.40550,-20.29460,NA,NA
1657,"Fratercula arctica","Atlantic Puffin",Iceland,Storhofdi,63.4,-20.29,GPS,45,1657_45_102484,102484,adult,unknown,chick-rearing,breeding,2018-07-18,18:36:00,63.40525,-20.29250,NA,NA
1657,"Fratercula arctica","Atlantic Puffin",Iceland,Storhofdi,63.4,-20.29,GPS,45,1657_45_102484,102484,adult,unknown,chick-rearing,breeding,2018-07-18,09:38:00,63.40622,-20.29155,NA,NA
1657,"Fratercula arctica","Atlantic Puffin",Iceland,Storhofdi,63.4,-20.29,GPS,45,1657_45_102484,102484,adult,unknown,chick-rearing,breeding,2018-07-18,09:33:00,63.40586,-20.29142,NA,NA
1657,"Fratercula arctica","Atlantic Puffin",Iceland,Storhofdi,63.4,-20.29,GPS,45,1657_45_102484,102484,adult,unknown,chick-rearing,breeding,2018-07-18,18:16:00,63.41368,-20.40159,NA,NA
1657,"Fratercula arctica","Atlantic Puffin",Iceland,Storhofdi,63.4,-20.29,GPS,45,1657_45_102484,102484,adult,unknown,chick-rearing,breeding,2018-07-18,18:11:00,63.41403,-20.46780,NA,NA
1657,"Fratercula arctica","Atlantic Puffin",Iceland,Storhofdi,63.4,-20.29,GPS,45,1657_45_102484,102484,adult,unknown,chick-rearing,breeding,2018-07-18,18:06:00,63.40689,-20.53503,NA,NA
1657,"Fratercula arctica","Atlantic Puffin",Iceland,Storhofdi,63.4,-20.29,GPS,45,1657_45_102484,102484,adult,unknown,chick-rearing,breeding,2018-07-18,18:01:00,63.40489,-20.59922,NA,NA
1657,"Fratercula arctica","Atlantic Puffin",Iceland,Storhofdi,63.4,-20.29,GPS,45,1657_45_102484,102484,adult,unknown,chick-rearing,breeding,2018-07-18,17:56:00,63.41206,-20.65679,NA,NA
1657,"Fratercula arctica","Atlantic Puffin",Iceland,Storhofdi,63.4,-20.29,GPS,45,1657_45_102484,102484,adult,unknown,chick-rearing,breeding,2018-07-18,17:51:00,63.42543,-20.70149,NA,NA
1657,"Fratercula arctica","Atlantic Puffin",Iceland,Storhofdi,63.4,-20.29,GPS,45,1657_45_102484,102484,adult,unknown,chick-rearing,breeding,2018-07-18,17:46:00,63.43515,-20.75307,NA,NA
1657,"Fratercula arctica","Atlantic Puffin",Iceland,Storhofdi,63.4,-20.29,GPS,45,1657_45_102484,102484,adult,unknown,chick-rearing,breeding,2018-07-18,17:41:00,63.44088,-20.81123,NA,NA
1657,"Fratercula arctica","Atlantic Puffin",Iceland,Storhofdi,63.4,-20.29,GPS,45,1657_45_102484,102484,adult,unknown,chick-rearing,breeding,2018-07-20,08:23:00,63.40451,-20.29921,NA,NA
1657,"Fratercula arctica","Atlantic Puffin",Iceland,Storhofdi,63.4,-20.29,GPS,45,1657_45_102484,102484,adult,unknown,chick-rearing,breeding,2018-07-20,06:28:00,63.35901,-20.32834,NA,NA
1657,"Fratercula arctica","Atlantic Puffin",Iceland,Storhofdi,63.4,-20.29,GPS,45,1657_45_102484,102484,adult,unknown,chick-rearing,breeding,2018-07-20,06:23:00,63.32472,-20.39603,NA,NA
1657,"Fratercula arctica","Atlantic Puffin",Iceland,Storhofdi,63.4,-20.29,GPS,45,1657_45_102484,102484,adult,unknown,chick-rearing,breeding,2018-07-20,06:18:00,63.30243,-20.49393,NA,NA
1657,"Fratercula arctica","Atlantic Puffin",Iceland,Storhofdi,63.4,-20.29,GPS,45,1657_45_102484,102484,adult,unknown,chick-rearing,breeding,2018-07-20,06:13:00,63.27267,-20.57769,NA,NA
1657,"Fratercula arctica","Atlantic Puffin",Iceland,Storhofdi,63.4,-20.29,GPS,45,1657_45_102484,102484,adult,unknown,chick-rearing,breeding,2018-07-20,06:08:00,63.23590,-20.65937,NA,NA
1657,"Fratercula arctica","Atlantic Puffin",Iceland,Storhofdi,63.4,-20.29,GPS,45,1657_45_102484,102484,adult,unknown,chick-rearing,breeding,2018-07-20,06:03:00,63.19255,-20.72005,NA,NA
1657,"Fratercula arctica","Atlantic Puffin",Iceland,Storhofdi,63.4,-20.29,GPS,45,1657_45_102484,102484,adult,unknown,chick-rearing,breeding,2018-07-20,05:58:00,63.15565,-20.78873,NA,NA
1657,"Fratercula arctica","Atlantic Puffin",Iceland,Storhofdi,63.4,-20.29,GPS,45,1657_45_102484,102484,adult,unknown,chick-rearing,breeding,2018-07-19,12:58:00,63.07255,-20.77607,NA,NA
1657,"Fratercula arctica","Atlantic Puffin",Iceland,Storhofdi,63.4,-20.29,GPS,45,1657_45_102484,102484,adult,unknown,chick-rearing,breeding,2018-07-19,12:32:00,63.07774,-20.77098,NA,NA
1657,"Fratercula arctica","Atlantic Puffin",Iceland,Storhofdi,63.4,-20.29,GPS,45,1657_45_102484,102484,adult,unknown,chick-rearing,breeding,2018-07-19,10:42:00,63.09416,-20.71674,NA,NA
1657,"Fratercula arctica","Atlantic Puffin",Iceland,Storhofdi,63.4,-20.29,GPS,45,1657_45_102484,102484,adult,unknown,chick-rearing,breeding,2018-07-19,10:37:00,63.11520,-20.63630,NA,NA
1657,"Fratercula arctica","Atlantic Puffin",Iceland,Storhofdi,63.4,-20.29,GPS,45,1657_45_102484,102484,adult,unknown,chick-rearing,breeding,2018-07-19,10:32:00,63.13966,-20.56973,NA,NA
1657,"Fratercula arctica","Atlantic Puffin",Iceland,Storhofdi,63.4,-20.29,GPS,45,1657_45_102484,102484,adult,unknown,chick-rearing,breeding,2018-07-19,10:27:00,63.16628,-20.50184,NA,NA
1657,"Fratercula arctica","Atlantic Puffin",Iceland,Storhofdi,63.4,-20.29,GPS,45,1657_45_102484,102484,adult,unknown,chick-rearing,breeding,2018-07-19,10:22:00,63.19008,-20.43138,NA,NA
1657,"Fratercula arctica","Atlantic Puffin",Iceland,Storhofdi,63.4,-20.29,GPS,45,1657_45_102484,102484,adult,unknown,chick-rearing,breeding,2018-07-19,10:17:00,63.21527,-20.36883,NA,NA
1657,"Fratercula arctica","Atlantic Puffin",Iceland,Storhofdi,63.4,-20.29,GPS,45,1657_45_102484,102484,adult,unknown,chick-rearing,breeding,2018-07-19,10:12:00,63.24373,-20.31785,NA,NA
1657,"Fratercula arctica","Atlantic Puffin",Iceland,Storhofdi,63.4,-20.29,GPS,45,1657_45_102484,102484,adult,unknown,chick-rearing,breeding,2018-07-19,10:07:00,63.24447,-20.31717,NA,NA
1657,"Fratercula arctica","Atlantic Puffin",Iceland,Storhofdi,63.4,-20.29,GPS,45,1657_45_102484,102484,adult,unknown,chick-rearing,breeding,2018-07-19,10:01:00,63.24578,-20.31842,NA,NA
1657,"Fratercula arctica","Atlantic Puffin",Iceland,Storhofdi,63.4,-20.29,GPS,45,1657_45_102484,102484,adult,unknown,chick-rearing,breeding,2018-07-19,09:56:00,63.24692,-20.31949,NA,NA
1657,"Fratercula arctica","Atlantic Puffin",Iceland,Storhofdi,63.4,-20.29,GPS,45,1657_45_102484,102484,adult,unknown,chick-rearing,breeding,2018-07-19,09:50:00,63.24796,-20.32117,NA,NA
1657,"Fratercula arctica","Atlantic Puffin",Iceland,Storhofdi,63.4,-20.29,GPS,45,1657_45_102484,102484,adult,unknown,chick-rearing,breeding,2018-07-19,09:45:00,63.24893,-20.32272,NA,NA
1657,"Fratercula arctica","Atlantic Puffin",Iceland,Storhofdi,63.4,-20.29,GPS,45,1657_45_102484,102484,adult,unknown,chick-rearing,breeding,2018-07-19,09:39:00,63.24997,-20.32289,NA,NA
1657,"Fratercula arctica","Atlantic Puffin",Iceland,Storhofdi,63.4,-20.29,GPS,45,1657_45_102484,102484,adult,unknown,chick-rearing,breeding,2018-07-19,09:34:00,63.25083,-20.32302,NA,NA
1657,"Fratercula arctica","Atlantic Puffin",Iceland,Storhofdi,63.4,-20.29,GPS,45,1657_45_102484,102484,adult,unknown,chick-rearing,breeding,2018-07-19,09:29:00,63.25170,-20.32316,NA,NA
1657,"Fratercula arctica","Atlantic Puffin",Iceland,Storhofdi,63.4,-20.29,GPS,45,1657_45_102484,102484,adult,unknown,chick-rearing,breeding,2018-07-19,09:24:00,63.26911,-20.30788,NA,NA
1657,"Fratercula arctica","Atlantic Puffin",Iceland,Storhofdi,63.4,-20.29,GPS,45,1657_45_102484,102484,adult,unknown,chick-rearing,breeding,2018-07-19,09:19:00,63.30818,-20.27545,NA,NA
1657,"Fratercula arctica","Atlantic Puffin",Iceland,Storhofdi,63.4,-20.29,GPS,45,1657_45_102484,102484,adult,unknown,chick-rearing,breeding,2018-07-19,09:14:00,63.34653,-20.24619,NA,NA
1657,"Fratercula arctica","Atlantic Puffin",Iceland,Storhofdi,63.4,-20.29,GPS,45,1657_45_102484,102484,adult,unknown,chick-rearing,breeding,2018-07-19,09:09:00,63.38897,-20.28555,NA,NA
1657,"Fratercula arctica","Atlantic Puffin",Iceland,Storhofdi,63.4,-20.29,GPS,45,1657_45_102484,102484,adult,unknown,chick-rearing,breeding,2018-07-19,04:29:00,63.36938,-20.26719,NA,NA
1657,"Fratercula arctica","Atlantic Puffin",Iceland,Storhofdi,63.4,-20.29,GPS,45,1657_45_102484,102484,adult,unknown,chick-rearing,breeding,2018-07-19,04:24:00,63.36948,-20.26886,NA,NA
1657,"Fratercula arctica","Atlantic Puffin",Iceland,Storhofdi,63.4,-20.29,GPS,45,1657_45_102484,102484,adult,unknown,chick-rearing,breeding,2018-07-19,04:19:00,63.37028,-20.26854,NA,NA
1657,"Fratercula arctica","Atlantic Puffin",Iceland,Storhofdi,63.4,-20.29,GPS,45,1657_45_102484,102484,adult,unknown,chick-rearing,breeding,2018-07-19,03:42:00,63.36951,-20.26765,NA,NA
1657,"Fratercula arctica","Atlantic Puffin",Iceland,Storhofdi,63.4,-20.29,GPS,45,1657_45_102484,102484,adult,unknown,chick-rearing,breeding,2018-07-19,20:28:00,63.00923,-21.06977,NA,NA
1657,"Fratercula arctica","Atlantic Puffin",Iceland,Storhofdi,63.4,-20.29,GPS,45,1657_45_102484,102484,adult,unknown,chick-rearing,breeding,2018-07-19,21:09:00,63.01559,-21.08906,NA,NA
1657,"Fratercula arctica","Atlantic Puffin",Iceland,Storhofdi,63.4,-20.29,GPS,500,1657_500_102485,102485,adult,unknown,chick-rearing,breeding,2018-07-22,13:31:00,63.40347,-20.28714,NA,NA
1657,"Fratercula arctica","Atlantic Puffin",Iceland,Storhofdi,63.4,-20.29,GPS,500,1657_500_102485,102485,adult,unknown,chick-rearing,breeding,2018-07-22,13:26:00,63.40351,-20.28711,NA,NA
1657,"Fratercula arctica","Atlantic Puffin",Iceland,Storhofdi,63.4,-20.29,GPS,500,1657_500_102485,102485,adult,unknown,chick-rearing,breeding,2018-07-22,13:21:00,63.40355,-20.28707,NA,NA
1657,"Fratercula arctica","Atlantic Puffin",Iceland,Storhofdi,63.4,-20.29,GPS,500,1657_500_102485,102485,adult,unknown,chick-rearing,breeding,2018-07-22,13:16:00,63.40315,-20.28721,NA,NA
1657,"Fratercula arctica","Atlantic Puffin",Iceland,Storhofdi,63.4,-20.29,GPS,500,1657_500_102485,102485,adult,unknown,chick-rearing,breeding,2018-07-22,13:11:00,63.40288,-20.28712,NA,NA
1657,"Fratercula arctica","Atlantic Puffin",Iceland,Storhofdi,63.4,-20.29,GPS,500,1657_500_102485,102485,adult,unknown,chick-rearing,breeding,2018-07-22,13:06:00,63.40304,-20.28715,NA,NA
1657,"Fratercula arctica","Atlantic Puffin",Iceland,Storhofdi,63.4,-20.29,GPS,500,1657_500_102485,102485,adult,unknown,chick-rearing,breeding,2018-07-22,13:01:00,63.40320,-20.28718,NA,NA
1657,"Fratercula arctica","Atlantic Puffin",Iceland,Storhofdi,63.4,-20.29,GPS,500,1657_500_102485,102485,adult,unknown,chick-rearing,breeding,2018-07-22,12:56:00,63.40374,-20.28742,NA,NA
1657,"Fratercula arctica","Atlantic Puffin",Iceland,Storhofdi,63.4,-20.29,GPS,500,1657_500_102485,102485,adult,unknown,chick-rearing,breeding,2018-07-22,12:51:00,63.40353,-20.28729,NA,NA
1657,"Fratercula arctica","Atlantic Puffin",Iceland,Storhofdi,63.4,-20.29,GPS,500,1657_500_102485,102485,adult,unknown,chick-rearing,breeding,2018-07-22,12:46:00,63.40352,-20.28733,NA,NA
1657,"Fratercula arctica","Atlantic Puffin",Iceland,Storhofdi,63.4,-20.29,GPS,500,1657_500_102485,102485,adult,unknown,chick-rearing,breeding,2018-07-22,11:51:00,63.40356,-20.28716,NA,NA
1657,"Fratercula arctica","Atlantic Puffin",Iceland,Storhofdi,63.4,-20.29,GPS,500,1657_500_102485,102485,adult,unknown,chick-rearing,breeding,2018-07-22,11:46:00,63.40365,-20.28716,NA,NA
1657,"Fratercula arctica","Atlantic Puffin",Iceland,Storhofdi,63.4,-20.29,GPS,500,1657_500_102485,102485,adult,unknown,chick-rearing,breeding,2018-07-22,11:41:00,63.40374,-20.28716,NA,NA
